account_id,account_name,region,industry,contract_term_years,last_deal_year,renewal_quarter,arr_usd_current
A0001,Aurora Works,APAC,Healthcare,3,2022,2025-Q3,228000
A0002,BluePeak Logic,EMEA,Healthcare,3,2022,2025-Q2,989000
A0003,Granite Dynamics Inc,EMEA,Retail,3,2022,2025-Q2,331000
A0004,Northwind Works,AMER,Technology,3,2022,2025-Q2,36000
A0005,BluePeak Labs Inc,APAC,Technology,3,2022,2025-Q3,55000
A0006,Silverline Bridge,APAC,Healthcare,3,2022,2025-Q2,162000
A0007,Northwind Labs,EMEA,Healthcare,3,2022,2025-Q2,292000
A0008,BluePeak Dynamics,APAC,Technology,3,2022,2025-Q1,146000
A0009,BluePeak Dynamics Inc,EMEA,Retail,1,2025,2026-Q1,406000
A0010,Parallel Labs,EMEA,Professional Services,3,2022,2025-Q4,100000
A0011,Silverline Labs Inc,EMEA,Technology,3,2022,2025-Q4,842000
A0012,Northwind Cloud,AMER,Retail,3,2022,2025-Q3,0
A0013,Pinnacle Bridge Inc,APAC,Technology,3,2022,2025-Q3,1097000
A0014,Vertex Logic Inc,EMEA,Healthcare,3,2022,2025-Q4,521000
A0015,BluePeak Works,APAC,Professional Services,4,2021,2025-Q4,577000
A0016,Vertex Logic Inc,AMER,Retail,3,2022,2025-Q4,246000
A0017,Granite Grid Inc,EMEA,Retail,2,2024,2026-Q1,40000
A0018,Parallel Systems,APAC,Healthcare,3,2022,2025-Q2,146000
A0019,Silverline Cloud Inc,AMER,Technology,4,2021,2025-Q2,578000
A0020,Cobalt Bridge Inc,AMER,Professional Services,1,2024,2025-Q3,153000
A0021,Northwind Cloud,APAC,Professional Services,3,2022,2025-Q2,61000
A0022,Aurora Works Inc,AMER,Retail,3,2022,2025-Q4,355000
A0023,BluePeak Dynamics Inc,AMER,Healthcare,3,2023,2026-Q1,1343000
A0024,Pinnacle Grid Inc,AMER,Technology,3,2022,2025-Q4,126000
A0025,Cobalt Works,APAC,Manufacturing,3,2022,2025-Q2,109000
A0026,Meridian Dynamics,EMEA,Technology,3,2023,2026-Q1,374000
A0027,BluePeak Dynamics Inc,AMER,Retail,3,2022,2025-Q4,100000
A0028,Silverline Cloud Inc,AMER,Healthcare,5,2021,2026-Q1,27000
A0029,Pinnacle Systems,EMEA,Retail,5,2021,2026-Q1,615000
A0030,Meridian Works Inc,APAC,Technology,3,2022,2025-Q1,0
A0031,Meridian Works Inc,EMEA,Retail,3,2022,2025-Q2,65000
A0032,Cobalt Logic,EMEA,Professional Services,3,2023,2026-Q1,0
A0033,Granite Labs Inc,AMER,Technology,4,2022,2026-Q1,755000
A0034,Granite Grid,EMEA,Professional Services,3,2022,2025-Q2,1206000
A0035,Pinnacle Dynamics,APAC,Retail,3,2022,2025-Q3,162000
A0036,Parallel Cloud Inc,APAC,Financial Services,2,2023,2025-Q3,0
A0037,Northwind Labs,APAC,Professional Services,3,2022,2025-Q2,448000
A0038,Vertex Cloud Inc,AMER,Financial Services,3,2023,2026-Q1,28000
A0039,BluePeak Works,APAC,Retail,3,2023,2026-Q1,473000
A0040,Silverline Cloud,EMEA,Manufacturing,3,2022,2025-Q2,0
A0041,Vertex Dynamics Inc,AMER,Technology,4,2021,2025-Q2,117000
A0042,Pinnacle Logic,EMEA,Financial Services,3,2022,2025-Q4,63000
A0043,Silverline Grid Inc,APAC,Manufacturing,3,2022,2025-Q3,213000
A0044,Northwind Bridge Inc,EMEA,Healthcare,3,2022,2025-Q4,362000
A0045,Pinnacle Labs,APAC,Technology,4,2021,2025-Q4,823000
A0046,Pinnacle Bridge,AMER,Financial Services,3,2023,2026-Q1,36000
A0047,Northwind Dynamics,APAC,Technology,3,2022,2025-Q4,0
A0048,Northwind Works Inc,AMER,Retail,3,2022,2025-Q1,495000
A0049,BluePeak Grid,AMER,Technology,5,2021,2026-Q1,1198000
A0050,Parallel Cloud,APAC,Healthcare,1,2025,2026-Q1,238000
A0051,Granite Logic,EMEA,Technology,3,2022,2025-Q1,1241000
A0052,Parallel Bridge Inc,EMEA,Retail,3,2022,2025-Q2,625000
A0053,Cobalt Grid Inc,APAC,Manufacturing,1,2024,2025-Q1,176000
A0054,Pinnacle Bridge,APAC,Retail,3,2023,2026-Q1,45000
A0055,BluePeak Grid,AMER,Technology,3,2022,2025-Q4,361000
A0056,Granite Cloud Inc,APAC,Professional Services,3,2022,2025-Q1,322000
A0057,Vertex Labs,APAC,Retail,3,2023,2026-Q1,411000
A0058,Vertex Logic,EMEA,Financial Services,3,2022,2025-Q1,79000
A0059,Northwind Labs Inc,APAC,Professional Services,1,2025,2026-Q1,309000
A0060,Northwind Labs Inc,APAC,Healthcare,3,2022,2025-Q3,1221000
A0061,Aurora Grid,EMEA,Financial Services,3,2022,2025-Q2,266000
A0062,BluePeak Works Inc,AMER,Retail,3,2023,2026-Q1,367000
A0063,Vertex Logic Inc,APAC,Retail,5,2020,2025-Q3,474000
A0064,Silverline Labs Inc,EMEA,Healthcare,3,2022,2025-Q3,188000
A0065,Parallel Logic,EMEA,Technology,3,2022,2025-Q4,28000
A0066,Granite Bridge Inc,AMER,Retail,3,2022,2025-Q4,315000
A0067,Silverline Labs,EMEA,Professional Services,4,2021,2025-Q3,437000
A0068,Vertex Grid Inc,AMER,Technology,3,2022,2025-Q3,371000
A0069,BluePeak Bridge Inc,AMER,Technology,3,2022,2025-Q4,313000
A0070,Pinnacle Systems,EMEA,Retail,3,2022,2025-Q3,63000
A0071,Parallel Logic Inc,AMER,Healthcare,3,2022,2025-Q4,324000
A0072,Granite Dynamics,EMEA,Healthcare,1,2024,2025-Q3,277000
A0073,Pinnacle Systems,AMER,Financial Services,3,2022,2025-Q4,1150000
A0074,BluePeak Works,EMEA,Manufacturing,3,2022,2025-Q1,844000
A0075,Silverline Grid,EMEA,Healthcare,5,2021,2026-Q1,206000
A0076,Granite Works,AMER,Manufacturing,3,2022,2025-Q4,0
A0077,Meridian Dynamics,AMER,Technology,3,2022,2025-Q4,31000
A0078,Aurora Labs,APAC,Technology,3,2022,2025-Q1,466000
A0079,Northwind Logic,EMEA,Technology,3,2023,2026-Q1,380000
A0080,Vertex Logic Inc,APAC,Financial Services,3,2022,2025-Q4,471000
A0081,Silverline Dynamics,APAC,Healthcare,3,2023,2026-Q1,258000
A0082,Parallel Works Inc,EMEA,Manufacturing,3,2022,2025-Q2,173000
A0083,Vertex Bridge Inc,APAC,Technology,3,2022,2025-Q3,508000
A0084,Meridian Works Inc,APAC,Financial Services,3,2023,2026-Q1,197000
A0085,Vertex Cloud,EMEA,Professional Services,2,2024,2026-Q1,585000
A0086,Parallel Grid,APAC,Professional Services,3,2022,2025-Q1,402000
A0087,Silverline Labs,AMER,Manufacturing,3,2022,2025-Q3,440000
A0088,Aurora Bridge Inc,APAC,Manufacturing,1,2024,2025-Q4,1212000
A0089,Aurora Dynamics Inc,EMEA,Retail,4,2021,2025-Q3,0
A0090,Silverline Systems,EMEA,Technology,5,2020,2025-Q3,1537000
A0091,Vertex Bridge,AMER,Retail,3,2022,2025-Q4,444000
A0092,BluePeak Logic,EMEA,Manufacturing,3,2022,2025-Q1,414000
A0093,Aurora Dynamics,EMEA,Professional Services,3,2022,2025-Q3,79000
A0094,Pinnacle Labs,APAC,Manufacturing,3,2023,2026-Q1,482000
A0095,Meridian Works,AMER,Professional Services,3,2022,2025-Q3,68000
A0096,Aurora Cloud,EMEA,Technology,3,2022,2025-Q3,949000
A0097,Granite Labs Inc,AMER,Professional Services,1,2025,2026-Q1,37000
A0098,Northwind Logic Inc,APAC,Technology,2,2023,2025-Q2,0
A0099,Vertex Bridge Inc,AMER,Retail,3,2022,2025-Q2,367000
A0100,Northwind Cloud,APAC,Technology,3,2022,2025-Q2,289000
A0101,Pinnacle Works,AMER,Financial Services,3,2023,2026-Q1,802000
A0102,Granite Dynamics,APAC,Manufacturing,3,2022,2025-Q1,259000
A0103,Cobalt Cloud,APAC,Retail,3,2023,2026-Q1,127000
A0104,Parallel Logic,AMER,Financial Services,3,2022,2025-Q2,101000
A0105,Parallel Logic,AMER,Technology,4,2022,2026-Q1,286000
A0106,Parallel Dynamics,AMER,Professional Services,3,2022,2025-Q4,97000
A0107,Pinnacle Works Inc,AMER,Professional Services,3,2023,2026-Q1,359000
A0108,Cobalt Logic Inc,EMEA,Healthcare,3,2023,2026-Q1,0
A0109,Meridian Cloud,APAC,Technology,3,2022,2025-Q3,940000
A0110,Vertex Cloud,EMEA,Technology,3,2022,2025-Q3,709000
A0111,Vertex Systems Inc,APAC,Manufacturing,3,2022,2025-Q1,181000
A0112,Northwind Systems,AMER,Financial Services,1,2025,2026-Q1,334000
A0113,Aurora Systems,AMER,Healthcare,3,2022,2025-Q3,362000
A0114,Cobalt Dynamics,EMEA,Retail,5,2020,2025-Q3,31000
A0115,Silverline Dynamics,APAC,Professional Services,3,2023,2026-Q1,374000
A0116,Silverline Cloud,APAC,Professional Services,3,2022,2025-Q3,154000
A0117,Cobalt Systems,EMEA,Healthcare,3,2023,2026-Q1,0
A0118,Meridian Labs,EMEA,Technology,3,2023,2026-Q1,582000
A0119,Pinnacle Cloud,APAC,Professional Services,3,2022,2025-Q1,31000
A0120,BluePeak Grid Inc,APAC,Technology,3,2022,2025-Q3,158000
A0121,Cobalt Dynamics Inc,EMEA,Professional Services,3,2022,2025-Q3,589000
A0122,BluePeak Logic,EMEA,Retail,3,2022,2025-Q2,490000
A0123,Vertex Grid Inc,EMEA,Financial Services,4,2022,2026-Q1,71000
A0124,Northwind Labs Inc,APAC,Technology,3,2022,2025-Q2,172000
A0125,Cobalt Grid,EMEA,Manufacturing,3,2022,2025-Q4,801000
A0126,BluePeak Logic Inc,AMER,Professional Services,1,2024,2025-Q2,164000
A0127,Silverline Grid Inc,APAC,Technology,3,2022,2025-Q4,37000
A0128,Aurora Grid Inc,APAC,Healthcare,2,2023,2025-Q4,520000
A0129,Vertex Works Inc,EMEA,Financial Services,3,2022,2025-Q1,162000
A0130,Vertex Works Inc,APAC,Retail,3,2022,2025-Q1,182000
A0131,Silverline Systems,APAC,Professional Services,3,2022,2025-Q1,449000
A0132,Meridian Systems,EMEA,Retail,3,2023,2026-Q1,94000
A0133,Northwind Bridge,APAC,Healthcare,3,2022,2025-Q2,108000
A0134,Northwind Grid,EMEA,Financial Services,3,2022,2025-Q4,379000
A0135,Aurora Bridge Inc,APAC,Healthcare,3,2022,2025-Q4,337000
A0136,Cobalt Labs Inc,APAC,Professional Services,3,2022,2025-Q1,223000
A0137,BluePeak Labs,AMER,Professional Services,3,2022,2025-Q3,261000
A0138,Parallel Grid,AMER,Manufacturing,3,2022,2025-Q2,170000
A0139,Northwind Cloud,EMEA,Technology,4,2021,2025-Q2,247000
A0140,Northwind Grid,EMEA,Manufacturing,3,2022,2025-Q1,653000
A0141,BluePeak Works Inc,APAC,Healthcare,3,2022,2025-Q4,196000
A0142,Aurora Logic,EMEA,Manufacturing,3,2022,2025-Q4,116000
A0143,Vertex Cloud Inc,EMEA,Technology,2,2023,2025-Q4,632000
A0144,Meridian Bridge,APAC,Financial Services,5,2021,2026-Q1,324000
A0145,Aurora Works Inc,APAC,Professional Services,3,2022,2025-Q4,163000
A0146,Parallel Grid Inc,EMEA,Professional Services,3,2023,2026-Q1,83000
A0147,Vertex Bridge Inc,APAC,Manufacturing,3,2022,2025-Q2,547000
A0148,Northwind Grid,EMEA,Healthcare,3,2022,2025-Q1,0
A0149,Cobalt Dynamics Inc,AMER,Retail,3,2023,2026-Q1,111000
A0150,BluePeak Labs,AMER,Retail,3,2022,2025-Q3,622000
A0151,Vertex Dynamics,EMEA,Healthcare,3,2023,2026-Q1,0
A0152,Meridian Cloud,EMEA,Manufacturing,1,2025,2026-Q1,605000
A0153,Parallel Dynamics,EMEA,Healthcare,3,2022,2025-Q4,410000
A0154,Cobalt Systems,APAC,Technology,3,2023,2026-Q1,834000
A0155,Meridian Grid,EMEA,Manufacturing,3,2022,2025-Q3,609000
A0156,BluePeak Labs,AMER,Financial Services,3,2022,2025-Q4,544000
A0157,Silverline Systems Inc,EMEA,Professional Services,3,2022,2025-Q2,346000
A0158,Granite Bridge,AMER,Retail,2,2024,2026-Q1,223000
A0159,BluePeak Labs,APAC,Professional Services,4,2021,2025-Q2,309000
A0160,BluePeak Logic,AMER,Professional Services,3,2022,2025-Q2,710000
A0161,Aurora Cloud,APAC,Manufacturing,5,2020,2025-Q1,805000
A0162,Meridian Labs,APAC,Professional Services,2,2023,2025-Q2,0
A0163,Silverline Bridge Inc,EMEA,Professional Services,4,2021,2025-Q1,155000
A0164,Cobalt Logic Inc,AMER,Professional Services,3,2022,2025-Q3,514000
A0165,Pinnacle Logic Inc,AMER,Professional Services,3,2022,2025-Q4,121000
A0166,BluePeak Grid,AMER,Healthcare,5,2021,2026-Q1,0
A0167,BluePeak Grid,EMEA,Manufacturing,3,2022,2025-Q2,348000
A0168,Silverline Logic,EMEA,Manufacturing,3,2022,2025-Q3,259000
A0169,Vertex Works,AMER,Retail,3,2022,2025-Q1,449000
A0170,Aurora Systems Inc,AMER,Professional Services,3,2022,2025-Q3,41000
A0171,Pinnacle Bridge Inc,AMER,Manufacturing,5,2020,2025-Q2,75000
A0172,Granite Works Inc,EMEA,Technology,3,2022,2025-Q3,596000
A0173,Meridian Grid Inc,AMER,Retail,3,2022,2025-Q3,393000
A0174,Pinnacle Labs Inc,AMER,Retail,3,2022,2025-Q4,244000
A0175,Silverline Dynamics,APAC,Retail,3,2022,2025-Q1,876000
A0176,Vertex Bridge,APAC,Professional Services,3,2023,2026-Q1,144000
A0177,Silverline Labs,EMEA,Healthcare,3,2022,2025-Q2,916000
A0178,Parallel Cloud,AMER,Retail,3,2022,2025-Q2,55000
A0179,Cobalt Logic,APAC,Retail,2,2023,2025-Q1,672000
A0180,Meridian Grid,APAC,Technology,3,2022,2025-Q4,846000
A0181,Cobalt Logic Inc,EMEA,Healthcare,2,2023,2025-Q2,614000
A0182,BluePeak Cloud Inc,APAC,Healthcare,1,2024,2025-Q4,37000
A0183,Silverline Systems,APAC,Manufacturing,3,2022,2025-Q3,274000
A0184,Meridian Cloud Inc,AMER,Healthcare,3,2022,2025-Q1,284000
A0185,Meridian Cloud,APAC,Retail,3,2022,2025-Q4,682000
A0186,BluePeak Dynamics,AMER,Professional Services,3,2023,2026-Q1,52000
A0187,Pinnacle Bridge Inc,APAC,Professional Services,3,2022,2025-Q3,952000
A0188,Silverline Systems,APAC,Manufacturing,3,2022,2025-Q3,506000
A0189,Northwind Labs,EMEA,Financial Services,3,2022,2025-Q1,581000
A0190,Meridian Systems Inc,AMER,Healthcare,3,2023,2026-Q1,192000
A0191,Parallel Grid Inc,EMEA,Healthcare,3,2022,2025-Q1,192000
A0192,BluePeak Dynamics,EMEA,Manufacturing,4,2021,2025-Q1,520000
A0193,Pinnacle Labs,EMEA,Technology,5,2020,2025-Q3,50000
A0194,Silverline Logic,AMER,Healthcare,4,2021,2025-Q4,77000
A0195,Vertex Works Inc,EMEA,Manufacturing,3,2022,2025-Q3,78000
A0196,Vertex Cloud Inc,AMER,Healthcare,3,2022,2025-Q1,94000
A0197,Vertex Grid,EMEA,Manufacturing,3,2022,2025-Q4,494000
A0198,BluePeak Grid Inc,APAC,Retail,3,2022,2025-Q1,271000
A0199,Aurora Dynamics,EMEA,Healthcare,3,2023,2026-Q1,528000
A0200,BluePeak Dynamics,AMER,Manufacturing,3,2023,2026-Q1,109000
A0201,BluePeak Dynamics Inc,AMER,Retail,3,2022,2025-Q1,46000
A0202,Vertex Bridge,EMEA,Financial Services,3,2022,2025-Q2,493000
A0203,Silverline Systems,AMER,Technology,1,2025,2026-Q1,370000
A0204,Granite Logic,APAC,Technology,3,2023,2026-Q1,158000
A0205,BluePeak Cloud,APAC,Retail,3,2023,2026-Q1,391000
A0206,Aurora Systems Inc,AMER,Professional Services,5,2020,2025-Q1,359000
A0207,Vertex Logic Inc,EMEA,Professional Services,3,2022,2025-Q3,101000
A0208,Vertex Grid,APAC,Financial Services,3,2022,2025-Q3,0
A0209,Parallel Systems Inc,AMER,Manufacturing,5,2020,2025-Q4,171000
A0210,Meridian Bridge,AMER,Professional Services,3,2022,2025-Q3,237000
A0211,Aurora Dynamics,APAC,Retail,3,2023,2026-Q1,559000
A0212,Cobalt Systems Inc,EMEA,Healthcare,3,2022,2025-Q2,415000
A0213,Pinnacle Logic,EMEA,Retail,3,2023,2026-Q1,209000
A0214,Silverline Labs Inc,APAC,Financial Services,3,2022,2025-Q2,50000
A0215,Northwind Dynamics,EMEA,Financial Services,3,2023,2026-Q1,423000
A0216,Parallel Works,EMEA,Financial Services,3,2022,2025-Q4,751000
A0217,Pinnacle Labs Inc,AMER,Financial Services,3,2022,2025-Q4,104000
A0218,Granite Cloud Inc,AMER,Manufacturing,4,2021,2025-Q1,1023000
A0219,Silverline Systems,APAC,Manufacturing,3,2022,2025-Q2,30000
A0220,Silverline Grid,APAC,Manufacturing,3,2022,2025-Q2,170000
A0221,Vertex Labs,APAC,Healthcare,3,2022,2025-Q4,474000
A0222,Parallel Logic,AMER,Retail,3,2022,2025-Q3,78000
A0223,Silverline Cloud,EMEA,Professional Services,4,2021,2025-Q4,66000
A0224,Parallel Dynamics Inc,EMEA,Manufacturing,3,2022,2025-Q2,223000
A0225,Parallel Bridge,AMER,Financial Services,3,2022,2025-Q1,92000
A0226,Meridian Logic Inc,APAC,Retail,3,2022,2025-Q4,786000
A0227,Vertex Cloud,APAC,Healthcare,3,2022,2025-Q3,0
A0228,Vertex Logic,APAC,Technology,2,2023,2025-Q1,0
A0229,Vertex Systems,APAC,Technology,1,2024,2025-Q3,569000
A0230,BluePeak Systems,EMEA,Financial Services,3,2022,2025-Q2,105000
A0231,Pinnacle Systems,APAC,Technology,3,2022,2025-Q2,96000
A0232,Vertex Works Inc,AMER,Healthcare,5,2021,2026-Q1,36000
A0233,Parallel Systems,AMER,Healthcare,3,2023,2026-Q1,556000
A0234,Vertex Logic,APAC,Manufacturing,3,2022,2025-Q4,406000
A0235,Pinnacle Works Inc,AMER,Financial Services,4,2021,2025-Q1,0
A0236,Granite Bridge,AMER,Healthcare,3,2022,2025-Q4,330000
A0237,Granite Systems,APAC,Financial Services,3,2022,2025-Q3,159000
A0238,Meridian Logic Inc,AMER,Retail,3,2022,2025-Q4,580000
A0239,Granite Systems Inc,AMER,Healthcare,2,2023,2025-Q4,0
A0240,Parallel Labs Inc,AMER,Healthcare,3,2022,2025-Q1,152000
A0241,BluePeak Grid Inc,AMER,Retail,5,2021,2026-Q1,78000
A0242,Meridian Logic,AMER,Professional Services,3,2023,2026-Q1,196000
A0243,Silverline Bridge,AMER,Financial Services,3,2023,2026-Q1,50000
A0244,Parallel Cloud Inc,APAC,Healthcare,3,2022,2025-Q1,99000
A0245,Silverline Bridge Inc,AMER,Retail,3,2022,2025-Q2,229000
A0246,Cobalt Systems,EMEA,Retail,4,2022,2026-Q1,329000
A0247,Northwind Dynamics,APAC,Financial Services,3,2022,2025-Q2,789000
A0248,Aurora Bridge,EMEA,Professional Services,3,2022,2025-Q1,157000
A0249,Northwind Cloud Inc,APAC,Professional Services,3,2022,2025-Q3,280000
A0250,Northwind Grid,AMER,Financial Services,3,2022,2025-Q3,721000
A0251,Vertex Systems,EMEA,Manufacturing,3,2022,2025-Q1,54000
A0252,Parallel Grid Inc,APAC,Manufacturing,3,2022,2025-Q3,95000
A0253,Granite Grid,APAC,Healthcare,4,2021,2025-Q4,643000
A0254,Parallel Cloud Inc,APAC,Professional Services,5,2020,2025-Q3,207000
A0255,Pinnacle Dynamics Inc,APAC,Professional Services,3,2023,2026-Q1,45000
A0256,Granite Logic,APAC,Financial Services,2,2023,2025-Q3,680000
A0257,Cobalt Cloud Inc,AMER,Financial Services,3,2023,2026-Q1,268000
A0258,Silverline Dynamics,AMER,Technology,3,2022,2025-Q4,0
A0259,Silverline Grid Inc,APAC,Healthcare,3,2022,2025-Q4,102000
A0260,BluePeak Logic,APAC,Retail,3,2022,2025-Q3,436000
A0261,Cobalt Logic,AMER,Technology,3,2023,2026-Q1,936000
A0262,Silverline Labs,APAC,Healthcare,3,2022,2025-Q4,27000
A0263,Pinnacle Cloud,APAC,Financial Services,3,2023,2026-Q1,831000
A0264,Vertex Systems,APAC,Retail,3,2022,2025-Q3,324000
A0265,Aurora Works Inc,AMER,Retail,3,2022,2025-Q4,127000
A0266,Aurora Cloud,AMER,Professional Services,2,2024,2026-Q1,236000
A0267,Meridian Bridge Inc,APAC,Technology,3,2022,2025-Q4,24000
A0268,Silverline Cloud,AMER,Technology,3,2022,2025-Q1,131000
A0269,Aurora Labs Inc,EMEA,Financial Services,5,2020,2025-Q4,43000
A0270,Silverline Bridge Inc,AMER,Retail,3,2022,2025-Q1,197000
A0271,Cobalt Labs,EMEA,Retail,3,2022,2025-Q2,72000
A0272,Aurora Bridge Inc,APAC,Financial Services,3,2022,2025-Q3,0
A0273,Cobalt Logic Inc,AMER,Manufacturing,3,2022,2025-Q3,212000
A0274,Granite Works,EMEA,Retail,1,2025,2026-Q1,236000
A0275,Parallel Cloud Inc,APAC,Professional Services,3,2023,2026-Q1,25000
A0276,Cobalt Grid,EMEA,Manufacturing,3,2022,2025-Q4,86000
A0277,Pinnacle Dynamics,AMER,Healthcare,3,2022,2025-Q2,1165000
A0278,Pinnacle Systems,AMER,Retail,3,2023,2026-Q1,0
A0279,Parallel Works Inc,EMEA,Healthcare,3,2023,2026-Q1,394000
A0280,Granite Works,AMER,Financial Services,3,2022,2025-Q1,230000
A0281,Parallel Logic,APAC,Technology,3,2023,2026-Q1,403000
A0282,Vertex Works Inc,APAC,Financial Services,1,2025,2026-Q1,174000
A0283,Granite Labs,APAC,Manufacturing,3,2022,2025-Q3,252000
A0284,Silverline Works Inc,APAC,Professional Services,1,2024,2025-Q1,0
A0285,Meridian Labs,APAC,Technology,3,2022,2025-Q2,23000
A0286,Parallel Systems Inc,AMER,Healthcare,3,2022,2025-Q4,535000
A0287,Meridian Dynamics Inc,AMER,Professional Services,3,2022,2025-Q3,441000
A0288,Meridian Grid Inc,APAC,Professional Services,3,2023,2026-Q1,0
A0289,Silverline Bridge Inc,EMEA,Technology,3,2023,2026-Q1,197000
A0290,Pinnacle Dynamics,AMER,Retail,1,2024,2025-Q2,401000
A0291,Aurora Cloud,EMEA,Technology,3,2023,2026-Q1,337000
A0292,Northwind Systems Inc,AMER,Healthcare,3,2023,2026-Q1,185000
A0293,Silverline Grid Inc,EMEA,Retail,1,2024,2025-Q2,503000
A0294,Meridian Bridge Inc,APAC,Professional Services,3,2022,2025-Q1,584000
A0295,Silverline Works Inc,EMEA,Retail,3,2022,2025-Q3,365000
A0296,BluePeak Cloud Inc,EMEA,Financial Services,2,2023,2025-Q1,0
A0297,Silverline Works Inc,APAC,Healthcare,3,2022,2025-Q1,119000
A0298,Pinnacle Labs,AMER,Financial Services,3,2022,2025-Q2,120000
A0299,Granite Cloud,EMEA,Manufacturing,3,2022,2025-Q4,192000
A0300,Silverline Bridge Inc,AMER,Financial Services,3,2023,2026-Q1,162000
A0301,BluePeak Logic,AMER,Healthcare,3,2022,2025-Q3,290000
A0302,BluePeak Grid Inc,AMER,Healthcare,3,2022,2025-Q3,172000
A0303,Granite Dynamics,AMER,Manufacturing,4,2021,2025-Q2,0
A0304,Aurora Cloud,APAC,Financial Services,3,2022,2025-Q3,450000
A0305,Aurora Cloud,APAC,Professional Services,4,2021,2025-Q4,105000
A0306,Parallel Dynamics Inc,AMER,Financial Services,3,2022,2025-Q4,764000
A0307,Vertex Systems,EMEA,Healthcare,3,2023,2026-Q1,818000
A0308,Aurora Systems,APAC,Manufacturing,3,2022,2025-Q3,242000
A0309,Vertex Systems Inc,EMEA,Financial Services,3,2022,2025-Q4,397000
A0310,Pinnacle Labs,AMER,Financial Services,3,2023,2026-Q1,799000
A0311,Silverline Systems Inc,AMER,Retail,3,2022,2025-Q4,35000
A0312,Aurora Grid,EMEA,Healthcare,2,2023,2025-Q4,259000
A0313,BluePeak Logic Inc,AMER,Manufacturing,3,2022,2025-Q4,448000
A0314,Parallel Labs,AMER,Financial Services,3,2023,2026-Q1,277000
A0315,Silverline Logic Inc,APAC,Manufacturing,3,2023,2026-Q1,355000
A0316,Parallel Grid,EMEA,Healthcare,3,2023,2026-Q1,495000
A0317,Meridian Works,EMEA,Healthcare,3,2022,2025-Q4,81000
A0318,Vertex Grid,EMEA,Technology,3,2022,2025-Q3,546000
A0319,Northwind Labs Inc,AMER,Professional Services,3,2023,2026-Q1,549000
A0320,Meridian Works Inc,APAC,Financial Services,3,2022,2025-Q1,428000
A0321,BluePeak Bridge,AMER,Technology,3,2022,2025-Q4,181000
A0322,BluePeak Systems,EMEA,Retail,3,2022,2025-Q3,777000
A0323,Cobalt Bridge Inc,APAC,Financial Services,3,2022,2025-Q1,496000
A0324,BluePeak Systems,EMEA,Healthcare,3,2022,2025-Q3,577000
A0325,Parallel Logic,EMEA,Technology,3,2023,2026-Q1,385000
A0326,Silverline Works Inc,AMER,Retail,2,2023,2025-Q2,706000
A0327,Northwind Systems,AMER,Professional Services,3,2022,2025-Q1,1118000
A0328,Cobalt Systems,EMEA,Professional Services,3,2022,2025-Q3,52000
A0329,Cobalt Systems,AMER,Professional Services,3,2022,2025-Q3,479000
A0330,Pinnacle Dynamics,EMEA,Professional Services,3,2022,2025-Q3,842000
A0331,Aurora Works Inc,AMER,Manufacturing,3,2022,2025-Q3,939000
A0332,Pinnacle Grid,EMEA,Professional Services,3,2022,2025-Q3,791000
A0333,Meridian Labs Inc,EMEA,Technology,3,2022,2025-Q4,882000
A0334,Vertex Bridge,AMER,Manufacturing,3,2022,2025-Q2,123000
A0335,Parallel Labs,APAC,Retail,3,2023,2026-Q1,479000
A0336,Vertex Dynamics Inc,AMER,Technology,3,2022,2025-Q3,83000
A0337,Northwind Bridge,EMEA,Manufacturing,4,2022,2026-Q1,53000
A0338,Silverline Cloud Inc,AMER,Financial Services,3,2023,2026-Q1,83000
A0339,BluePeak Systems,AMER,Professional Services,3,2022,2025-Q3,135000
A0340,Meridian Labs Inc,EMEA,Manufacturing,3,2022,2025-Q3,495000
A0341,BluePeak Bridge,AMER,Financial Services,3,2023,2026-Q1,459000
A0342,Silverline Grid Inc,AMER,Technology,3,2022,2025-Q1,221000
A0343,Meridian Grid Inc,EMEA,Financial Services,3,2022,2025-Q1,502000
A0344,Northwind Cloud,EMEA,Professional Services,3,2022,2025-Q2,361000
A0345,Silverline Bridge,AMER,Financial Services,5,2020,2025-Q1,152000
A0346,Silverline Works,EMEA,Healthcare,3,2022,2025-Q3,274000
A0347,Silverline Dynamics,EMEA,Retail,3,2022,2025-Q3,498000
A0348,Meridian Works,AMER,Technology,3,2022,2025-Q2,114000
A0349,Silverline Bridge Inc,EMEA,Technology,3,2022,2025-Q1,1386000
A0350,Aurora Labs,APAC,Technology,5,2020,2025-Q2,1019000
A0351,Vertex Logic,AMER,Professional Services,3,2023,2026-Q1,134000
A0352,Parallel Grid,APAC,Financial Services,3,2022,2025-Q1,195000
A0353,Silverline Bridge,AMER,Retail,3,2023,2026-Q1,127000
A0354,Aurora Dynamics,APAC,Professional Services,3,2023,2026-Q1,732000
A0355,Aurora Cloud Inc,EMEA,Retail,4,2021,2025-Q2,571000
A0356,Northwind Dynamics,EMEA,Manufacturing,3,2022,2025-Q4,661000
A0357,Granite Labs Inc,APAC,Healthcare,3,2022,2025-Q4,42000
A0358,Silverline Cloud,EMEA,Manufacturing,3,2023,2026-Q1,248000
A0359,Northwind Cloud,APAC,Professional Services,3,2023,2026-Q1,0
A0360,Aurora Systems,APAC,Manufacturing,3,2022,2025-Q2,36000
A0361,Meridian Dynamics,AMER,Retail,3,2022,2025-Q3,77000
A0362,Northwind Cloud,EMEA,Financial Services,3,2022,2025-Q3,533000
A0363,Granite Cloud,AMER,Healthcare,3,2022,2025-Q2,238000
A0364,Silverline Bridge,AMER,Professional Services,5,2020,2025-Q4,0
A0365,Northwind Dynamics Inc,EMEA,Financial Services,2,2023,2025-Q4,58000
A0366,Vertex Bridge Inc,APAC,Professional Services,3,2022,2025-Q4,254000
A0367,Northwind Labs Inc,APAC,Retail,3,2022,2025-Q4,245000
A0368,Cobalt Logic,EMEA,Professional Services,3,2023,2026-Q1,368000
A0369,Aurora Dynamics,APAC,Professional Services,3,2022,2025-Q1,561000
A0370,Parallel Labs Inc,EMEA,Professional Services,3,2022,2025-Q2,69000
A0371,Aurora Systems,APAC,Manufacturing,2,2024,2026-Q1,96000
A0372,Aurora Bridge,APAC,Financial Services,3,2023,2026-Q1,362000
A0373,BluePeak Bridge,APAC,Retail,3,2022,2025-Q2,35000
A0374,Granite Bridge,APAC,Financial Services,1,2024,2025-Q2,105000
A0375,Cobalt Cloud Inc,EMEA,Financial Services,3,2022,2025-Q4,1188000
A0376,Pinnacle Cloud Inc,AMER,Professional Services,3,2022,2025-Q2,237000
A0377,BluePeak Labs Inc,APAC,Technology,3,2022,2025-Q3,185000
A0378,Vertex Dynamics,EMEA,Healthcare,5,2021,2026-Q1,315000
A0379,Silverline Systems Inc,AMER,Healthcare,3,2022,2025-Q4,149000
A0380,Granite Systems Inc,AMER,Healthcare,3,2022,2025-Q3,1041000
A0381,Northwind Bridge Inc,EMEA,Healthcare,3,2023,2026-Q1,87000
A0382,Pinnacle Works,EMEA,Professional Services,1,2024,2025-Q3,77000
A0383,BluePeak Bridge,APAC,Healthcare,3,2022,2025-Q2,360000
A0384,Meridian Works,AMER,Healthcare,1,2024,2025-Q4,710000
A0385,Pinnacle Labs Inc,APAC,Retail,3,2023,2026-Q1,131000
A0386,Pinnacle Grid Inc,EMEA,Technology,3,2022,2025-Q1,226000
A0387,Meridian Bridge,AMER,Financial Services,3,2023,2026-Q1,382000
A0388,Granite Grid,AMER,Healthcare,3,2022,2025-Q3,633000
A0389,Cobalt Cloud Inc,EMEA,Manufacturing,5,2020,2025-Q2,58000
A0390,Northwind Cloud,EMEA,Financial Services,3,2022,2025-Q4,700000
A0391,Cobalt Logic Inc,EMEA,Healthcare,3,2022,2025-Q1,1290000
A0392,Pinnacle Labs,AMER,Manufacturing,3,2022,2025-Q2,395000
A0393,Northwind Dynamics,AMER,Professional Services,3,2022,2025-Q4,424000
A0394,Cobalt Systems,AMER,Healthcare,3,2022,2025-Q4,283000
A0395,Northwind Cloud Inc,APAC,Manufacturing,5,2021,2026-Q1,470000
A0396,Silverline Bridge,APAC,Professional Services,3,2022,2025-Q3,1313000
A0397,Silverline Dynamics,EMEA,Healthcare,2,2023,2025-Q4,0
A0398,Vertex Bridge,APAC,Financial Services,3,2022,2025-Q2,1045000
A0399,Pinnacle Systems Inc,AMER,Healthcare,3,2022,2025-Q1,345000
A0400,Aurora Systems,EMEA,Healthcare,3,2023,2026-Q1,26000
A0401,Aurora Grid Inc,EMEA,Retail,5,2020,2025-Q2,48000
A0402,Parallel Dynamics Inc,AMER,Technology,3,2023,2026-Q1,352000
A0403,Cobalt Grid Inc,EMEA,Professional Services,3,2022,2025-Q4,387000
A0404,BluePeak Bridge,APAC,Professional Services,3,2022,2025-Q2,564000
A0405,BluePeak Systems,EMEA,Manufacturing,3,2022,2025-Q1,53000
A0406,Parallel Dynamics,AMER,Manufacturing,5,2021,2026-Q1,0
A0407,Aurora Cloud Inc,EMEA,Technology,3,2023,2026-Q1,0
A0408,Aurora Bridge Inc,APAC,Technology,3,2023,2026-Q1,116000
A0409,Meridian Bridge,AMER,Healthcare,3,2022,2025-Q2,324000
A0410,Cobalt Logic,EMEA,Manufacturing,3,2022,2025-Q3,1085000
A0411,Vertex Works,AMER,Retail,3,2023,2026-Q1,37000
A0412,Northwind Logic,AMER,Retail,3,2022,2025-Q2,876000
A0413,Northwind Works,AMER,Healthcare,3,2022,2025-Q3,143000
A0414,BluePeak Cloud,APAC,Technology,3,2022,2025-Q4,510000
A0415,Northwind Labs Inc,AMER,Professional Services,5,2020,2025-Q4,0
A0416,Northwind Works,AMER,Healthcare,3,2022,2025-Q3,145000
A0417,Granite Works Inc,APAC,Financial Services,3,2022,2025-Q4,57000
A0418,Aurora Systems,APAC,Retail,3,2022,2025-Q3,60000
A0419,Northwind Cloud,APAC,Financial Services,3,2022,2025-Q1,105000
A0420,Granite Systems,AMER,Manufacturing,3,2022,2025-Q1,67000
A0421,Aurora Systems,AMER,Manufacturing,3,2022,2025-Q1,1257000
A0422,Pinnacle Logic Inc,APAC,Retail,2,2023,2025-Q3,96000
A0423,Silverline Cloud Inc,APAC,Retail,3,2022,2025-Q3,130000
A0424,Cobalt Bridge Inc,APAC,Professional Services,3,2022,2025-Q2,74000
A0425,Parallel Bridge Inc,AMER,Healthcare,3,2022,2025-Q3,66000
A0426,Northwind Labs,AMER,Manufacturing,3,2022,2025-Q3,438000
A0427,Granite Grid,AMER,Technology,3,2023,2026-Q1,411000
A0428,Meridian Logic Inc,EMEA,Financial Services,3,2023,2026-Q1,0
A0429,Silverline Dynamics,EMEA,Financial Services,3,2022,2025-Q2,460000
A0430,BluePeak Grid Inc,EMEA,Financial Services,3,2022,2025-Q2,36000
A0431,Northwind Bridge Inc,AMER,Professional Services,3,2022,2025-Q2,377000
A0432,Aurora Cloud,AMER,Financial Services,3,2023,2026-Q1,0
A0433,Aurora Bridge,APAC,Manufacturing,3,2022,2025-Q4,137000
A0434,Aurora Logic,EMEA,Retail,3,2022,2025-Q4,1336000
A0435,Silverline Systems,APAC,Manufacturing,3,2022,2025-Q3,61000
A0436,Granite Systems Inc,AMER,Financial Services,3,2022,2025-Q1,697000
A0437,BluePeak Dynamics,APAC,Technology,3,2022,2025-Q4,491000
A0438,Vertex Cloud,EMEA,Retail,1,2024,2025-Q4,0
A0439,Cobalt Cloud,AMER,Professional Services,1,2024,2025-Q2,92000
A0440,Granite Grid,EMEA,Retail,3,2022,2025-Q3,632000
A0441,Cobalt Dynamics,EMEA,Manufacturing,3,2022,2025-Q1,498000
A0442,Granite Dynamics,EMEA,Retail,3,2022,2025-Q1,334000
A0443,Pinnacle Labs Inc,AMER,Financial Services,3,2022,2025-Q2,799000
A0444,Cobalt Grid,AMER,Retail,3,2023,2026-Q1,933000
A0445,Meridian Systems Inc,APAC,Manufacturing,3,2022,2025-Q4,747000
A0446,BluePeak Grid,EMEA,Technology,3,2022,2025-Q3,429000
A0447,BluePeak Works,APAC,Financial Services,3,2023,2026-Q1,64000
A0448,Aurora Works,AMER,Healthcare,3,2023,2026-Q1,482000
A0449,Silverline Systems Inc,EMEA,Professional Services,5,2020,2025-Q3,31000
A0450,Granite Dynamics Inc,EMEA,Technology,3,2022,2025-Q4,315000
A0451,Meridian Labs,AMER,Financial Services,3,2022,2025-Q2,187000
A0452,Granite Dynamics,AMER,Manufacturing,3,2022,2025-Q1,552000
A0453,Aurora Grid,EMEA,Retail,5,2021,2026-Q1,248000
A0454,Parallel Systems Inc,AMER,Technology,5,2020,2025-Q1,724000
A0455,Cobalt Grid,AMER,Technology,3,2022,2025-Q2,63000
A0456,Cobalt Dynamics Inc,EMEA,Technology,3,2022,2025-Q4,1200000
A0457,Aurora Dynamics Inc,APAC,Retail,3,2023,2026-Q1,414000
A0458,Granite Cloud,EMEA,Healthcare,2,2023,2025-Q2,455000
A0459,Granite Works,APAC,Technology,3,2022,2025-Q4,391000
A0460,Aurora Works Inc,AMER,Retail,3,2022,2025-Q4,459000
A0461,Aurora Works,EMEA,Manufacturing,1,2024,2025-Q2,195000
A0462,Silverline Works,AMER,Financial Services,3,2022,2025-Q3,547000
A0463,Pinnacle Works,AMER,Retail,3,2022,2025-Q1,177000
A0464,Meridian Cloud,EMEA,Professional Services,3,2023,2026-Q1,555000
A0465,BluePeak Logic Inc,AMER,Manufacturing,3,2023,2026-Q1,297000
A0466,Meridian Grid Inc,AMER,Manufacturing,3,2022,2025-Q3,491000
A0467,Meridian Labs,EMEA,Retail,3,2023,2026-Q1,165000
A0468,Parallel Dynamics,AMER,Technology,3,2022,2025-Q1,355000
A0469,Vertex Works,AMER,Retail,3,2022,2025-Q4,102000
A0470,Cobalt Bridge Inc,AMER,Technology,3,2022,2025-Q1,61000
A0471,Vertex Works Inc,AMER,Financial Services,3,2022,2025-Q2,485000
A0472,Granite Grid Inc,EMEA,Professional Services,4,2022,2026-Q1,1378000
A0473,Pinnacle Grid,APAC,Manufacturing,3,2022,2025-Q3,0
A0474,BluePeak Logic,EMEA,Professional Services,3,2022,2025-Q4,439000
A0475,Northwind Dynamics,APAC,Professional Services,3,2022,2025-Q2,33000
A0476,Vertex Grid Inc,APAC,Professional Services,3,2022,2025-Q2,220000
A0477,Northwind Bridge Inc,APAC,Professional Services,3,2022,2025-Q4,452000
A0478,Cobalt Works Inc,AMER,Technology,3,2023,2026-Q1,695000
A0479,Pinnacle Dynamics Inc,AMER,Technology,2,2023,2025-Q3,313000
A0480,Parallel Works Inc,APAC,Professional Services,3,2022,2025-Q1,43000
A0481,BluePeak Works,EMEA,Technology,3,2022,2025-Q2,138000
A0482,Vertex Dynamics Inc,APAC,Professional Services,3,2023,2026-Q1,39000
A0483,Granite Works,EMEA,Technology,3,2023,2026-Q1,64000
A0484,BluePeak Bridge,APAC,Professional Services,3,2023,2026-Q1,272000
A0485,Vertex Bridge,EMEA,Manufacturing,3,2022,2025-Q2,209000
A0486,Vertex Works,EMEA,Manufacturing,3,2022,2025-Q3,0
A0487,BluePeak Bridge Inc,AMER,Healthcare,3,2022,2025-Q2,71000
A0488,Northwind Grid Inc,APAC,Professional Services,3,2022,2025-Q2,364000
A0489,Parallel Dynamics Inc,EMEA,Financial Services,3,2022,2025-Q2,513000
A0490,Vertex Bridge Inc,AMER,Manufacturing,3,2022,2025-Q1,176000
A0491,Aurora Grid,EMEA,Technology,3,2022,2025-Q1,156000
A0492,Parallel Systems,AMER,Financial Services,3,2022,2025-Q3,528000
A0493,Meridian Works,AMER,Retail,3,2022,2025-Q1,806000
A0494,Northwind Cloud,AMER,Technology,3,2022,2025-Q4,656000
A0495,Pinnacle Bridge,EMEA,Manufacturing,3,2022,2025-Q4,284000
A0496,BluePeak Bridge Inc,APAC,Manufacturing,3,2022,2025-Q2,216000
A0497,Cobalt Bridge Inc,APAC,Healthcare,3,2022,2025-Q4,399000
A0498,Vertex Logic Inc,AMER,Financial Services,3,2022,2025-Q4,50000
A0499,Silverline Labs Inc,APAC,Retail,3,2022,2025-Q3,273000
A0500,Vertex Bridge,AMER,Technology,3,2022,2025-Q4,174000
A0501,Silverline Works,EMEA,Retail,3,2022,2025-Q2,43000
A0502,Pinnacle Systems Inc,APAC,Professional Services,3,2022,2025-Q4,71000
A0503,Granite Works Inc,APAC,Healthcare,2,2023,2025-Q2,0
A0504,Aurora Bridge Inc,EMEA,Retail,1,2025,2026-Q1,221000
A0505,BluePeak Logic,EMEA,Manufacturing,3,2022,2025-Q4,265000
A0506,Aurora Dynamics Inc,EMEA,Professional Services,3,2022,2025-Q4,249000
A0507,Vertex Labs,EMEA,Financial Services,3,2022,2025-Q4,845000
A0508,Meridian Systems Inc,APAC,Financial Services,3,2022,2025-Q2,30000
A0509,Parallel Grid,APAC,Healthcare,3,2022,2025-Q4,48000
A0510,Silverline Systems Inc,EMEA,Professional Services,5,2020,2025-Q2,488000
A0511,Cobalt Labs,EMEA,Financial Services,4,2022,2026-Q1,586000
A0512,BluePeak Labs,APAC,Technology,3,2022,2025-Q4,1053000
A0513,Meridian Cloud,EMEA,Financial Services,3,2022,2025-Q2,768000
A0514,Vertex Cloud Inc,EMEA,Healthcare,3,2022,2025-Q4,60000
A0515,Pinnacle Systems,APAC,Manufacturing,3,2022,2025-Q1,44000
A0516,Parallel Cloud,EMEA,Manufacturing,3,2023,2026-Q1,41000
A0517,Pinnacle Cloud,AMER,Manufacturing,2,2024,2026-Q1,428000
A0518,Aurora Bridge,APAC,Retail,3,2022,2025-Q4,56000
A0519,Vertex Works Inc,APAC,Healthcare,3,2023,2026-Q1,199000
A0520,Parallel Dynamics,EMEA,Retail,3,2022,2025-Q4,72000
A0521,Cobalt Grid,AMER,Manufacturing,3,2022,2025-Q1,334000
A0522,Northwind Bridge,EMEA,Technology,3,2022,2025-Q1,236000
A0523,Cobalt Grid Inc,EMEA,Technology,3,2023,2026-Q1,173000
A0524,Cobalt Dynamics Inc,EMEA,Technology,1,2025,2026-Q1,235000
A0525,Pinnacle Logic Inc,APAC,Healthcare,3,2023,2026-Q1,73000
A0526,Cobalt Grid,EMEA,Manufacturing,3,2022,2025-Q1,86000
A0527,Aurora Works,APAC,Manufacturing,3,2022,2025-Q1,142000
A0528,Silverline Logic,EMEA,Technology,3,2022,2025-Q4,157000
A0529,Pinnacle Labs,EMEA,Financial Services,3,2022,2025-Q3,232000
A0530,Cobalt Works Inc,EMEA,Retail,3,2022,2025-Q4,233000
A0531,Granite Labs Inc,AMER,Professional Services,3,2022,2025-Q1,247000
A0532,Parallel Grid Inc,APAC,Professional Services,3,2022,2025-Q2,285000
A0533,BluePeak Grid,AMER,Retail,3,2022,2025-Q4,243000
A0534,Granite Labs Inc,APAC,Financial Services,3,2023,2026-Q1,210000
A0535,BluePeak Bridge Inc,EMEA,Financial Services,3,2022,2025-Q3,400000
A0536,Meridian Grid Inc,APAC,Technology,3,2022,2025-Q3,1468000
A0537,Meridian Dynamics Inc,EMEA,Healthcare,3,2022,2025-Q2,25000
A0538,Granite Dynamics,APAC,Professional Services,3,2022,2025-Q2,216000
A0539,Granite Dynamics Inc,EMEA,Technology,2,2023,2025-Q3,54000
A0540,Aurora Works,EMEA,Financial Services,3,2022,2025-Q2,558000
A0541,Meridian Works,EMEA,Healthcare,3,2022,2025-Q2,0
A0542,Aurora Cloud Inc,AMER,Healthcare,3,2022,2025-Q3,1216000
A0543,Cobalt Bridge,AMER,Manufacturing,3,2022,2025-Q4,56000
A0544,Cobalt Logic Inc,AMER,Technology,3,2022,2025-Q2,0
A0545,Meridian Systems Inc,APAC,Manufacturing,3,2022,2025-Q2,306000
A0546,Pinnacle Cloud,EMEA,Retail,3,2022,2025-Q3,293000
A0547,Pinnacle Bridge Inc,EMEA,Professional Services,3,2023,2026-Q1,0
A0548,Vertex Systems,EMEA,Healthcare,3,2022,2025-Q4,426000
A0549,BluePeak Systems,EMEA,Financial Services,3,2022,2025-Q4,1138000
A0550,Cobalt Bridge,EMEA,Professional Services,3,2022,2025-Q1,746000
A0551,Pinnacle Systems Inc,APAC,Retail,3,2022,2025-Q4,178000
A0552,Northwind Bridge Inc,AMER,Financial Services,3,2022,2025-Q3,0
A0553,Aurora Systems,APAC,Technology,3,2023,2026-Q1,406000
A0554,BluePeak Systems Inc,EMEA,Professional Services,3,2022,2025-Q3,421000
A0555,Silverline Bridge,AMER,Healthcare,3,2023,2026-Q1,367000
A0556,Pinnacle Works,APAC,Manufacturing,2,2023,2025-Q2,425000
A0557,Silverline Dynamics Inc,AMER,Financial Services,3,2022,2025-Q1,238000
A0558,Northwind Systems Inc,EMEA,Professional Services,3,2023,2026-Q1,480000
A0559,Meridian Works,AMER,Professional Services,3,2022,2025-Q2,274000
A0560,Pinnacle Works,APAC,Healthcare,3,2022,2025-Q2,841000
A0561,Pinnacle Bridge,AMER,Financial Services,3,2022,2025-Q3,1119000
A0562,Granite Logic,APAC,Financial Services,3,2022,2025-Q2,111000
A0563,Aurora Logic,AMER,Healthcare,2,2023,2025-Q4,109000
A0564,Aurora Cloud Inc,EMEA,Retail,3,2023,2026-Q1,634000
A0565,Granite Dynamics Inc,AMER,Healthcare,1,2024,2025-Q1,48000
A0566,BluePeak Dynamics,EMEA,Professional Services,3,2022,2025-Q1,307000
A0567,Meridian Cloud,EMEA,Professional Services,3,2022,2025-Q2,51000
A0568,Vertex Logic,APAC,Manufacturing,3,2022,2025-Q1,428000
A0569,Pinnacle Systems,EMEA,Financial Services,3,2022,2025-Q1,0
A0570,Cobalt Grid Inc,EMEA,Technology,3,2022,2025-Q3,470000
A0571,Aurora Cloud,APAC,Technology,3,2022,2025-Q1,121000
A0572,Parallel Grid Inc,AMER,Healthcare,3,2022,2025-Q2,236000
A0573,BluePeak Bridge Inc,AMER,Healthcare,4,2022,2026-Q1,550000
A0574,BluePeak Works Inc,EMEA,Retail,5,2020,2025-Q1,39000
A0575,BluePeak Labs Inc,APAC,Healthcare,3,2022,2025-Q1,697000
A0576,Northwind Cloud,EMEA,Healthcare,3,2022,2025-Q3,653000
A0577,BluePeak Dynamics,EMEA,Retail,3,2022,2025-Q1,648000
A0578,Northwind Dynamics Inc,APAC,Professional Services,3,2022,2025-Q3,780000
A0579,BluePeak Logic,EMEA,Professional Services,3,2022,2025-Q4,69000
A0580,Cobalt Dynamics Inc,EMEA,Retail,3,2022,2025-Q2,143000
A0581,Northwind Labs,EMEA,Technology,3,2022,2025-Q4,258000
A0582,Silverline Systems,AMER,Retail,2,2024,2026-Q1,498000
A0583,Parallel Bridge Inc,AMER,Manufacturing,5,2020,2025-Q4,57000
A0584,Meridian Logic,EMEA,Retail,3,2022,2025-Q1,549000
A0585,Pinnacle Grid,APAC,Financial Services,3,2023,2026-Q1,393000
A0586,Granite Dynamics Inc,EMEA,Technology,3,2022,2025-Q3,1152000
A0587,Parallel Grid,AMER,Technology,5,2020,2025-Q4,274000
A0588,Northwind Grid Inc,APAC,Manufacturing,3,2023,2026-Q1,110000
A0589,BluePeak Bridge Inc,APAC,Manufacturing,3,2023,2026-Q1,0
A0590,Pinnacle Labs,APAC,Healthcare,1,2024,2025-Q1,29000
A0591,Silverline Cloud,AMER,Manufacturing,3,2022,2025-Q3,479000
A0592,BluePeak Grid,AMER,Manufacturing,3,2022,2025-Q3,78000
A0593,Cobalt Logic Inc,EMEA,Technology,3,2022,2025-Q4,175000
A0594,Granite Labs Inc,EMEA,Technology,3,2022,2025-Q1,502000
A0595,Parallel Works,APAC,Manufacturing,3,2022,2025-Q4,531000
A0596,Vertex Logic Inc,APAC,Financial Services,3,2022,2025-Q4,427000
A0597,Parallel Bridge,APAC,Retail,3,2022,2025-Q3,65000
A0598,Silverline Systems,EMEA,Manufacturing,3,2023,2026-Q1,0
A0599,Granite Works,APAC,Manufacturing,3,2022,2025-Q4,323000
A0600,Northwind Cloud,AMER,Retail,3,2023,2026-Q1,659000
A0601,Aurora Bridge,AMER,Technology,1,2025,2026-Q1,74000
A0602,Granite Grid,EMEA,Manufacturing,3,2022,2025-Q3,792000
A0603,Cobalt Dynamics,EMEA,Technology,5,2020,2025-Q4,56000
A0604,BluePeak Dynamics Inc,EMEA,Professional Services,3,2022,2025-Q1,273000
A0605,Silverline Logic Inc,EMEA,Retail,1,2024,2025-Q1,527000
A0606,Meridian Grid Inc,AMER,Technology,3,2023,2026-Q1,380000
A0607,Vertex Systems,EMEA,Healthcare,3,2022,2025-Q4,908000
A0608,BluePeak Logic Inc,APAC,Healthcare,5,2021,2026-Q1,0
A0609,BluePeak Grid Inc,AMER,Retail,3,2022,2025-Q4,198000
A0610,Vertex Labs,EMEA,Financial Services,3,2023,2026-Q1,769000
A0611,Parallel Grid Inc,APAC,Professional Services,3,2022,2025-Q3,195000
A0612,Meridian Works Inc,APAC,Healthcare,3,2022,2025-Q3,137000
A0613,Silverline Dynamics,AMER,Professional Services,3,2023,2026-Q1,585000
A0614,Cobalt Grid Inc,EMEA,Healthcare,3,2022,2025-Q4,392000
A0615,Vertex Cloud,EMEA,Professional Services,3,2022,2025-Q2,447000
A0616,Vertex Logic,APAC,Retail,3,2023,2026-Q1,75000
A0617,Aurora Bridge,APAC,Technology,3,2022,2025-Q3,409000
A0618,Cobalt Systems,EMEA,Financial Services,2,2023,2025-Q1,448000
A0619,Aurora Systems Inc,APAC,Technology,1,2024,2025-Q4,184000
A0620,Silverline Grid,AMER,Technology,3,2022,2025-Q3,160000
A0621,Silverline Systems,EMEA,Healthcare,3,2022,2025-Q4,0
A0622,Pinnacle Works,APAC,Financial Services,2,2023,2025-Q4,0
A0623,Cobalt Works Inc,EMEA,Healthcare,3,2022,2025-Q1,404000
A0624,Pinnacle Works,EMEA,Financial Services,3,2022,2025-Q4,52000
A0625,Granite Bridge,AMER,Professional Services,3,2023,2026-Q1,258000
A0626,Meridian Labs,APAC,Technology,3,2022,2025-Q1,139000
