account_id,account_name,renewal_quarter,region,contract_term_years,last_deal_year,arr_up_for_renewal_usd,outcome,loss_reason,booked_arr_usd,renewal_motion
A0008,BluePeak Dynamics,2025-Q1,APAC,3,2022,60000,renewed,,146000,expansion
A0030,Meridian Works Inc,2025-Q1,APAC,3,2022,412000,churned,Adoption — low usage or failed rollout,0,
A0048,Northwind Works Inc,2025-Q1,AMER,3,2022,208000,renewed,,495000,expansion
A0051,Granite Logic,2025-Q1,EMEA,3,2022,514000,renewed,,1241000,expansion
A0053,Cobalt Grid Inc,2025-Q1,APAC,1,2024,110000,renewed,,176000,expansion
A0056,Granite Cloud Inc,2025-Q1,APAC,3,2022,213000,renewed,,322000,expansion
A0058,Vertex Logic,2025-Q1,EMEA,3,2022,49000,renewed,,79000,expansion
A0074,BluePeak Works,2025-Q1,EMEA,3,2022,293000,renewed,,844000,expansion
A0078,Aurora Labs,2025-Q1,APAC,3,2022,389000,renewed,,466000,expansion
A0086,Parallel Grid,2025-Q1,APAC,3,2022,390000,renewed,,402000,expansion
A0092,BluePeak Logic,2025-Q1,EMEA,3,2022,413000,renewed,,414000,flat
A0102,Granite Dynamics,2025-Q1,APAC,3,2022,244000,renewed,,259000,expansion
A0111,Vertex Systems Inc,2025-Q1,APAC,3,2022,104000,renewed,,181000,expansion
A0119,Pinnacle Cloud,2025-Q1,APAC,3,2022,31000,renewed,,31000,flat
A0129,Vertex Works Inc,2025-Q1,EMEA,3,2022,129000,renewed,,162000,expansion
A0130,Vertex Works Inc,2025-Q1,APAC,3,2022,68000,renewed,,182000,expansion
A0131,Silverline Systems,2025-Q1,APAC,3,2022,421000,renewed,,449000,expansion
A0136,Cobalt Labs Inc,2025-Q1,APAC,3,2022,220000,renewed,,223000,flat
A0140,Northwind Grid,2025-Q1,EMEA,3,2022,388000,renewed,,653000,expansion
A0148,Northwind Grid,2025-Q1,EMEA,3,2022,81000,churned,Product — capability or roadmap gap,0,
A0161,Aurora Cloud,2025-Q1,APAC,5,2020,507000,renewed,,805000,expansion
A0163,Silverline Bridge Inc,2025-Q1,EMEA,4,2021,141000,renewed,,155000,expansion
A0169,Vertex Works,2025-Q1,AMER,3,2022,390000,renewed,,449000,expansion
A0175,Silverline Dynamics,2025-Q1,APAC,3,2022,512000,renewed,,876000,expansion
A0179,Cobalt Logic,2025-Q1,APAC,2,2023,344000,renewed,,672000,expansion
A0184,Meridian Cloud Inc,2025-Q1,AMER,3,2022,234000,renewed,,284000,expansion
A0189,Northwind Labs,2025-Q1,EMEA,3,2022,264000,renewed,,581000,expansion
A0191,Parallel Grid Inc,2025-Q1,EMEA,3,2022,191000,renewed,,192000,flat
A0192,BluePeak Dynamics,2025-Q1,EMEA,4,2021,520000,renewed,,520000,flat
A0196,Vertex Cloud Inc,2025-Q1,AMER,3,2022,67000,renewed,,94000,expansion
A0198,BluePeak Grid Inc,2025-Q1,APAC,3,2022,196000,renewed,,271000,expansion
A0201,BluePeak Dynamics Inc,2025-Q1,AMER,3,2022,25000,renewed,,46000,expansion
A0206,Aurora Systems Inc,2025-Q1,AMER,5,2020,320000,renewed,,359000,expansion
A0218,Granite Cloud Inc,2025-Q1,AMER,4,2021,349000,renewed,,1023000,expansion
A0225,Parallel Bridge,2025-Q1,AMER,3,2022,33000,renewed,,92000,expansion
A0228,Vertex Logic,2025-Q1,APAC,2,2023,55000,churned,Pricing — rejected renewal uplift,0,
A0235,Pinnacle Works Inc,2025-Q1,AMER,4,2021,477000,churned,Risk — security or compliance,0,
A0240,Parallel Labs Inc,2025-Q1,AMER,3,2022,58000,renewed,,152000,expansion
A0244,Parallel Cloud Inc,2025-Q1,APAC,3,2022,99000,renewed,,99000,flat
A0248,Aurora Bridge,2025-Q1,EMEA,3,2022,55000,renewed,,157000,expansion
A0251,Vertex Systems,2025-Q1,EMEA,3,2022,53000,renewed,,54000,flat
A0268,Silverline Cloud,2025-Q1,AMER,3,2022,101000,renewed,,131000,expansion
A0270,Silverline Bridge Inc,2025-Q1,AMER,3,2022,158000,renewed,,197000,expansion
A0280,Granite Works,2025-Q1,AMER,3,2022,230000,renewed,,230000,flat
A0284,Silverline Works Inc,2025-Q1,APAC,1,2024,79000,churned,Adoption — low usage or failed rollout,0,
A0294,Meridian Bridge Inc,2025-Q1,APAC,3,2022,417000,renewed,,584000,expansion
A0296,BluePeak Cloud Inc,2025-Q1,EMEA,2,2023,27000,churned,Timing — deprioritized / no decision,0,
A0297,Silverline Works Inc,2025-Q1,APAC,3,2022,72000,renewed,,119000,expansion
A0320,Meridian Works Inc,2025-Q1,APAC,3,2022,155000,renewed,,428000,expansion
A0323,Cobalt Bridge Inc,2025-Q1,APAC,3,2022,476000,renewed,,496000,expansion
A0327,Northwind Systems,2025-Q1,AMER,3,2022,400000,renewed,,1118000,expansion
A0342,Silverline Grid Inc,2025-Q1,AMER,3,2022,208000,renewed,,221000,expansion
A0343,Meridian Grid Inc,2025-Q1,EMEA,3,2022,479000,renewed,,502000,expansion
A0345,Silverline Bridge,2025-Q1,AMER,5,2020,118000,renewed,,152000,expansion
A0349,Silverline Bridge Inc,2025-Q1,EMEA,3,2022,514000,renewed,,1386000,expansion
A0352,Parallel Grid,2025-Q1,APAC,3,2022,183000,renewed,,195000,expansion
A0369,Aurora Dynamics,2025-Q1,APAC,3,2022,258000,renewed,,561000,expansion
A0386,Pinnacle Grid Inc,2025-Q1,EMEA,3,2022,223000,renewed,,226000,flat
A0391,Cobalt Logic Inc,2025-Q1,EMEA,3,2022,469000,renewed,,1290000,expansion
A0399,Pinnacle Systems Inc,2025-Q1,AMER,3,2022,225000,renewed,,345000,expansion
A0405,BluePeak Systems,2025-Q1,EMEA,3,2022,26000,renewed,,53000,expansion
A0419,Northwind Cloud,2025-Q1,APAC,3,2022,100000,renewed,,105000,expansion
A0420,Granite Systems,2025-Q1,AMER,3,2022,67000,renewed,,67000,flat
A0421,Aurora Systems,2025-Q1,AMER,3,2022,509000,renewed,,1257000,expansion
A0436,Granite Systems Inc,2025-Q1,AMER,3,2022,272000,renewed,,697000,expansion
A0441,Cobalt Dynamics,2025-Q1,EMEA,3,2022,410000,renewed,,498000,expansion
A0442,Granite Dynamics,2025-Q1,EMEA,3,2022,248000,renewed,,334000,expansion
A0452,Granite Dynamics,2025-Q1,AMER,3,2022,455000,renewed,,552000,expansion
A0454,Parallel Systems Inc,2025-Q1,AMER,5,2020,342000,renewed,,724000,expansion
A0463,Pinnacle Works,2025-Q1,AMER,3,2022,114000,renewed,,177000,expansion
A0468,Parallel Dynamics,2025-Q1,AMER,3,2022,169000,renewed,,355000,expansion
A0470,Cobalt Bridge Inc,2025-Q1,AMER,3,2022,57000,renewed,,61000,expansion
A0480,Parallel Works Inc,2025-Q1,APAC,3,2022,41000,renewed,,43000,expansion
A0490,Vertex Bridge Inc,2025-Q1,AMER,3,2022,99000,renewed,,176000,expansion
A0491,Aurora Grid,2025-Q1,EMEA,3,2022,99000,renewed,,156000,expansion
A0493,Meridian Works,2025-Q1,AMER,3,2022,431000,renewed,,806000,expansion
A0515,Pinnacle Systems,2025-Q1,APAC,3,2022,41000,renewed,,44000,expansion
A0521,Cobalt Grid,2025-Q1,AMER,3,2022,143000,renewed,,334000,expansion
A0522,Northwind Bridge,2025-Q1,EMEA,3,2022,82000,renewed,,236000,expansion
A0526,Cobalt Grid,2025-Q1,EMEA,3,2022,86000,renewed,,86000,flat
A0527,Aurora Works,2025-Q1,APAC,3,2022,72000,renewed,,142000,expansion
A0531,Granite Labs Inc,2025-Q1,AMER,3,2022,180000,renewed,,247000,expansion
A0550,Cobalt Bridge,2025-Q1,EMEA,3,2022,511000,renewed,,746000,expansion
A0557,Silverline Dynamics Inc,2025-Q1,AMER,3,2022,226000,renewed,,238000,expansion
A0565,Granite Dynamics Inc,2025-Q1,AMER,1,2024,35000,renewed,,48000,expansion
A0566,BluePeak Dynamics,2025-Q1,EMEA,3,2022,294000,renewed,,307000,expansion
A0568,Vertex Logic,2025-Q1,APAC,3,2022,176000,renewed,,428000,expansion
A0569,Pinnacle Systems,2025-Q1,EMEA,3,2022,61000,churned,Value — ROI / business case not approved,0,
A0571,Aurora Cloud,2025-Q1,APAC,3,2022,121000,renewed,,121000,flat
A0574,BluePeak Works Inc,2025-Q1,EMEA,5,2020,31000,renewed,,39000,expansion
A0575,BluePeak Labs Inc,2025-Q1,APAC,3,2022,311000,renewed,,697000,expansion
A0577,BluePeak Dynamics,2025-Q1,EMEA,3,2022,447000,renewed,,648000,expansion
A0584,Meridian Logic,2025-Q1,EMEA,3,2022,309000,renewed,,549000,expansion
A0590,Pinnacle Labs,2025-Q1,APAC,1,2024,29000,renewed,,29000,flat
A0594,Granite Labs Inc,2025-Q1,EMEA,3,2022,501000,renewed,,502000,flat
A0604,BluePeak Dynamics Inc,2025-Q1,EMEA,3,2022,229000,renewed,,273000,expansion
A0605,Silverline Logic Inc,2025-Q1,EMEA,1,2024,521000,renewed,,527000,flat
A0618,Cobalt Systems,2025-Q1,EMEA,2,2023,357000,renewed,,448000,expansion
A0623,Cobalt Works Inc,2025-Q1,EMEA,3,2022,268000,renewed,,404000,expansion
A0626,Meridian Labs,2025-Q1,APAC,3,2022,100000,renewed,,139000,expansion
A0002,BluePeak Logic,2025-Q2,EMEA,3,2022,445000,renewed,,989000,expansion
A0003,Granite Dynamics Inc,2025-Q2,EMEA,3,2022,252000,renewed,,331000,expansion
A0004,Northwind Works,2025-Q2,AMER,3,2022,24000,renewed,,36000,expansion
A0006,Silverline Bridge,2025-Q2,APAC,3,2022,161000,renewed,,162000,flat
A0007,Northwind Labs,2025-Q2,EMEA,3,2022,275000,renewed,,292000,expansion
A0018,Parallel Systems,2025-Q2,APAC,3,2022,143000,renewed,,146000,expansion
A0019,Silverline Cloud Inc,2025-Q2,AMER,4,2021,449000,renewed,,578000,expansion
A0021,Northwind Cloud,2025-Q2,APAC,3,2022,61000,renewed,,61000,flat
A0025,Cobalt Works,2025-Q2,APAC,3,2022,108000,renewed,,109000,flat
A0031,Meridian Works Inc,2025-Q2,EMEA,3,2022,61000,renewed,,65000,expansion
A0034,Granite Grid,2025-Q2,EMEA,3,2022,422000,renewed,,1206000,expansion
A0037,Northwind Labs,2025-Q2,APAC,3,2022,443000,renewed,,448000,flat
A0040,Silverline Cloud,2025-Q2,EMEA,3,2022,166000,churned,Stakeholder — champion departed / reorg,0,
A0041,Vertex Dynamics Inc,2025-Q2,AMER,4,2021,81000,renewed,,117000,expansion
A0052,Parallel Bridge Inc,2025-Q2,EMEA,3,2022,431000,renewed,,625000,expansion
A0061,Aurora Grid,2025-Q2,EMEA,3,2022,263000,renewed,,266000,flat
A0082,Parallel Works Inc,2025-Q2,EMEA,3,2022,157000,renewed,,173000,expansion
A0098,Northwind Logic Inc,2025-Q2,APAC,2,2023,22000,churned,Pricing — lower competitive quote,0,
A0099,Vertex Bridge Inc,2025-Q2,AMER,3,2022,279000,renewed,,367000,expansion
A0100,Northwind Cloud,2025-Q2,APAC,3,2022,144000,renewed,,289000,expansion
A0104,Parallel Logic,2025-Q2,AMER,3,2022,101000,renewed,,101000,flat
A0122,BluePeak Logic,2025-Q2,EMEA,3,2022,229000,renewed,,490000,expansion
A0124,Northwind Labs Inc,2025-Q2,APAC,3,2022,162000,renewed,,172000,expansion
A0126,BluePeak Logic Inc,2025-Q2,AMER,1,2024,126000,renewed,,164000,expansion
A0133,Northwind Bridge,2025-Q2,APAC,3,2022,41000,renewed,,108000,expansion
A0138,Parallel Grid,2025-Q2,AMER,3,2022,87000,renewed,,170000,expansion
A0139,Northwind Cloud,2025-Q2,EMEA,4,2021,240000,renewed,,247000,expansion
A0147,Vertex Bridge Inc,2025-Q2,APAC,3,2022,506000,renewed,,547000,expansion
A0157,Silverline Systems Inc,2025-Q2,EMEA,3,2022,178000,renewed,,346000,expansion
A0159,BluePeak Labs,2025-Q2,APAC,4,2021,182000,renewed,,309000,expansion
A0160,BluePeak Logic,2025-Q2,AMER,3,2022,379000,renewed,,710000,expansion
A0162,Meridian Labs,2025-Q2,APAC,2,2023,72000,churned,Adoption — low usage or failed rollout,0,
A0167,BluePeak Grid,2025-Q2,EMEA,3,2022,348000,renewed,,348000,flat
A0171,Pinnacle Bridge Inc,2025-Q2,AMER,5,2020,28000,renewed,,75000,expansion
A0177,Silverline Labs,2025-Q2,EMEA,3,2022,516000,renewed,,916000,expansion
A0178,Parallel Cloud,2025-Q2,AMER,3,2022,28000,renewed,,55000,expansion
A0181,Cobalt Logic Inc,2025-Q2,EMEA,2,2023,338000,renewed,,614000,expansion
A0202,Vertex Bridge,2025-Q2,EMEA,3,2022,223000,renewed,,493000,expansion
A0212,Cobalt Systems Inc,2025-Q2,EMEA,3,2022,364000,renewed,,415000,expansion
A0214,Silverline Labs Inc,2025-Q2,APAC,3,2022,25000,renewed,,50000,expansion
A0219,Silverline Systems,2025-Q2,APAC,3,2022,28000,renewed,,30000,expansion
A0220,Silverline Grid,2025-Q2,APAC,3,2022,147000,renewed,,170000,expansion
A0224,Parallel Dynamics Inc,2025-Q2,EMEA,3,2022,193000,renewed,,223000,expansion
A0230,BluePeak Systems,2025-Q2,EMEA,3,2022,47000,renewed,,105000,expansion
A0231,Pinnacle Systems,2025-Q2,APAC,3,2022,94000,renewed,,96000,expansion
A0245,Silverline Bridge Inc,2025-Q2,AMER,3,2022,166000,renewed,,229000,expansion
A0247,Northwind Dynamics,2025-Q2,APAC,3,2022,439000,renewed,,789000,expansion
A0271,Cobalt Labs,2025-Q2,EMEA,3,2022,42000,renewed,,72000,expansion
A0277,Pinnacle Dynamics,2025-Q2,AMER,3,2022,391000,renewed,,1165000,expansion
A0285,Meridian Labs,2025-Q2,APAC,3,2022,23000,renewed,,23000,flat
A0290,Pinnacle Dynamics,2025-Q2,AMER,1,2024,399000,renewed,,401000,flat
A0293,Silverline Grid Inc,2025-Q2,EMEA,1,2024,171000,renewed,,503000,expansion
A0298,Pinnacle Labs,2025-Q2,AMER,3,2022,76000,renewed,,120000,expansion
A0303,Granite Dynamics,2025-Q2,AMER,4,2021,407000,churned,Pricing — rejected renewal uplift,0,
A0326,Silverline Works Inc,2025-Q2,AMER,2,2023,514000,renewed,,706000,expansion
A0334,Vertex Bridge,2025-Q2,AMER,3,2022,56000,renewed,,123000,expansion
A0344,Northwind Cloud,2025-Q2,EMEA,3,2022,222000,renewed,,361000,expansion
A0348,Meridian Works,2025-Q2,AMER,3,2022,64000,renewed,,114000,expansion
A0350,Aurora Labs,2025-Q2,APAC,5,2020,395000,renewed,,1019000,expansion
A0355,Aurora Cloud Inc,2025-Q2,EMEA,4,2021,469000,renewed,,571000,expansion
A0360,Aurora Systems,2025-Q2,APAC,3,2022,35000,renewed,,36000,expansion
A0363,Granite Cloud,2025-Q2,AMER,3,2022,104000,renewed,,238000,expansion
A0370,Parallel Labs Inc,2025-Q2,EMEA,3,2022,26000,renewed,,69000,expansion
A0373,BluePeak Bridge,2025-Q2,APAC,3,2022,34000,renewed,,35000,expansion
A0374,Granite Bridge,2025-Q2,APAC,1,2024,43000,renewed,,105000,expansion
A0376,Pinnacle Cloud Inc,2025-Q2,AMER,3,2022,209000,renewed,,237000,expansion
A0383,BluePeak Bridge,2025-Q2,APAC,3,2022,308000,renewed,,360000,expansion
A0389,Cobalt Cloud Inc,2025-Q2,EMEA,5,2020,30000,renewed,,58000,expansion
A0392,Pinnacle Labs,2025-Q2,AMER,3,2022,394000,renewed,,395000,flat
A0398,Vertex Bridge,2025-Q2,APAC,3,2022,409000,renewed,,1045000,expansion
A0401,Aurora Grid Inc,2025-Q2,EMEA,5,2020,27000,renewed,,48000,expansion
A0404,BluePeak Bridge,2025-Q2,APAC,3,2022,374000,renewed,,564000,expansion
A0409,Meridian Bridge,2025-Q2,AMER,3,2022,301000,renewed,,324000,expansion
A0412,Northwind Logic,2025-Q2,AMER,3,2022,384000,renewed,,876000,expansion
A0424,Cobalt Bridge Inc,2025-Q2,APAC,3,2022,74000,renewed,,74000,flat
A0429,Silverline Dynamics,2025-Q2,EMEA,3,2022,426000,renewed,,460000,expansion
A0430,BluePeak Grid Inc,2025-Q2,EMEA,3,2022,23000,renewed,,36000,expansion
A0431,Northwind Bridge Inc,2025-Q2,AMER,3,2022,335000,renewed,,377000,expansion
A0439,Cobalt Cloud,2025-Q2,AMER,1,2024,92000,renewed,,92000,flat
A0443,Pinnacle Labs Inc,2025-Q2,AMER,3,2022,296000,renewed,,799000,expansion
A0451,Meridian Labs,2025-Q2,AMER,3,2022,83000,renewed,,187000,expansion
A0455,Cobalt Grid,2025-Q2,AMER,3,2022,31000,renewed,,63000,expansion
A0458,Granite Cloud,2025-Q2,EMEA,2,2023,382000,renewed,,455000,expansion
A0461,Aurora Works,2025-Q2,EMEA,1,2024,129000,renewed,,195000,expansion
A0471,Vertex Works Inc,2025-Q2,AMER,3,2022,336000,renewed,,485000,expansion
A0475,Northwind Dynamics,2025-Q2,APAC,3,2022,30000,renewed,,33000,expansion
A0476,Vertex Grid Inc,2025-Q2,APAC,3,2022,181000,renewed,,220000,expansion
A0481,BluePeak Works,2025-Q2,EMEA,3,2022,99000,renewed,,138000,expansion
A0485,Vertex Bridge,2025-Q2,EMEA,3,2022,111000,renewed,,209000,expansion
A0487,BluePeak Bridge Inc,2025-Q2,AMER,3,2022,62000,renewed,,71000,expansion
A0488,Northwind Grid Inc,2025-Q2,APAC,3,2022,326000,renewed,,364000,expansion
A0489,Parallel Dynamics Inc,2025-Q2,EMEA,3,2022,375000,renewed,,513000,expansion
A0496,BluePeak Bridge Inc,2025-Q2,APAC,3,2022,128000,renewed,,216000,expansion
A0501,Silverline Works,2025-Q2,EMEA,3,2022,30000,renewed,,43000,expansion
A0503,Granite Works Inc,2025-Q2,APAC,2,2023,145000,churned,Risk — security or compliance,0,
A0508,Meridian Systems Inc,2025-Q2,APAC,3,2022,30000,renewed,,30000,flat
A0510,Silverline Systems Inc,2025-Q2,EMEA,5,2020,315000,renewed,,488000,expansion
A0513,Meridian Cloud,2025-Q2,EMEA,3,2022,419000,renewed,,768000,expansion
A0532,Parallel Grid Inc,2025-Q2,APAC,3,2022,262000,renewed,,285000,expansion
A0537,Meridian Dynamics Inc,2025-Q2,EMEA,3,2022,23000,renewed,,25000,expansion
A0538,Granite Dynamics,2025-Q2,APAC,3,2022,99000,renewed,,216000,expansion
A0540,Aurora Works,2025-Q2,EMEA,3,2022,229000,renewed,,558000,expansion
A0541,Meridian Works,2025-Q2,EMEA,3,2022,46000,churned,Adoption — low usage or failed rollout,0,
A0544,Cobalt Logic Inc,2025-Q2,AMER,3,2022,455000,churned,Procurement — vendor consolidation,0,
A0545,Meridian Systems Inc,2025-Q2,APAC,3,2022,244000,renewed,,306000,expansion
A0556,Pinnacle Works,2025-Q2,APAC,2,2023,348000,renewed,,425000,expansion
A0559,Meridian Works,2025-Q2,AMER,3,2022,249000,renewed,,274000,expansion
A0560,Pinnacle Works,2025-Q2,APAC,3,2022,439000,renewed,,841000,expansion
A0562,Granite Logic,2025-Q2,APAC,3,2022,43000,renewed,,111000,expansion
A0567,Meridian Cloud,2025-Q2,EMEA,3,2022,45000,renewed,,51000,expansion
A0572,Parallel Grid Inc,2025-Q2,AMER,3,2022,235000,renewed,,236000,flat
A0580,Cobalt Dynamics Inc,2025-Q2,EMEA,3,2022,89000,renewed,,143000,expansion
A0615,Vertex Cloud,2025-Q2,EMEA,3,2022,447000,renewed,,447000,flat
A0001,Aurora Works,2025-Q3,APAC,3,2022,202000,renewed,,228000,expansion
A0005,BluePeak Labs Inc,2025-Q3,APAC,3,2022,23000,renewed,,55000,expansion
A0012,Northwind Cloud,2025-Q3,AMER,3,2022,53000,churned,Timing — deprioritized / no decision,0,
A0013,Pinnacle Bridge Inc,2025-Q3,APAC,3,2022,472000,renewed,,1097000,expansion
A0020,Cobalt Bridge Inc,2025-Q3,AMER,1,2024,123000,renewed,,153000,expansion
A0035,Pinnacle Dynamics,2025-Q3,APAC,3,2022,114000,renewed,,162000,expansion
A0036,Parallel Cloud Inc,2025-Q3,APAC,2,2023,121000,churned,Commercial — payment or term mismatch,0,
A0043,Silverline Grid Inc,2025-Q3,APAC,3,2022,189000,renewed,,213000,expansion
A0060,Northwind Labs Inc,2025-Q3,APAC,3,2022,424000,renewed,,1221000,expansion
A0063,Vertex Logic Inc,2025-Q3,APAC,5,2020,474000,renewed,,474000,flat
A0064,Silverline Labs Inc,2025-Q3,EMEA,3,2022,68000,renewed,,188000,expansion
A0067,Silverline Labs,2025-Q3,EMEA,4,2021,376000,renewed,,437000,expansion
A0068,Vertex Grid Inc,2025-Q3,AMER,3,2022,294000,renewed,,371000,expansion
A0070,Pinnacle Systems,2025-Q3,EMEA,3,2022,26000,renewed,,63000,expansion
A0072,Granite Dynamics,2025-Q3,EMEA,1,2024,273000,renewed,,277000,flat
A0083,Vertex Bridge Inc,2025-Q3,APAC,3,2022,496000,renewed,,508000,expansion
A0087,Silverline Labs,2025-Q3,AMER,3,2022,439000,renewed,,440000,flat
A0089,Aurora Dynamics Inc,2025-Q3,EMEA,4,2021,26000,churned,Risk — security or compliance,0,
A0090,Silverline Systems,2025-Q3,EMEA,5,2020,520000,renewed,,1537000,expansion
A0093,Aurora Dynamics,2025-Q3,EMEA,3,2022,51000,renewed,,79000,expansion
A0095,Meridian Works,2025-Q3,AMER,3,2022,53000,renewed,,68000,expansion
A0096,Aurora Cloud,2025-Q3,EMEA,3,2022,456000,renewed,,949000,expansion
A0109,Meridian Cloud,2025-Q3,APAC,3,2022,423000,renewed,,940000,expansion
A0110,Vertex Cloud,2025-Q3,EMEA,3,2022,262000,renewed,,709000,expansion
A0113,Aurora Systems,2025-Q3,AMER,3,2022,259000,renewed,,362000,expansion
A0114,Cobalt Dynamics,2025-Q3,EMEA,5,2020,31000,renewed,,31000,flat
A0116,Silverline Cloud,2025-Q3,APAC,3,2022,139000,renewed,,154000,expansion
A0120,BluePeak Grid Inc,2025-Q3,APAC,3,2022,157000,renewed,,158000,flat
A0121,Cobalt Dynamics Inc,2025-Q3,EMEA,3,2022,444000,renewed,,589000,expansion
A0137,BluePeak Labs,2025-Q3,AMER,3,2022,108000,renewed,,261000,expansion
A0150,BluePeak Labs,2025-Q3,AMER,3,2022,216000,renewed,,622000,expansion
A0155,Meridian Grid,2025-Q3,EMEA,3,2022,424000,renewed,,609000,expansion
A0164,Cobalt Logic Inc,2025-Q3,AMER,3,2022,509000,renewed,,514000,flat
A0168,Silverline Logic,2025-Q3,EMEA,3,2022,182000,renewed,,259000,expansion
A0170,Aurora Systems Inc,2025-Q3,AMER,3,2022,34000,renewed,,41000,expansion
A0172,Granite Works Inc,2025-Q3,EMEA,3,2022,202000,renewed,,596000,expansion
A0173,Meridian Grid Inc,2025-Q3,AMER,3,2022,373000,renewed,,393000,expansion
A0183,Silverline Systems,2025-Q3,APAC,3,2022,106000,renewed,,274000,expansion
A0187,Pinnacle Bridge Inc,2025-Q3,APAC,3,2022,321000,renewed,,952000,expansion
A0188,Silverline Systems,2025-Q3,APAC,3,2022,405000,renewed,,506000,expansion
A0193,Pinnacle Labs,2025-Q3,EMEA,5,2020,37000,renewed,,50000,expansion
A0195,Vertex Works Inc,2025-Q3,EMEA,3,2022,29000,renewed,,78000,expansion
A0207,Vertex Logic Inc,2025-Q3,EMEA,3,2022,99000,renewed,,101000,expansion
A0208,Vertex Grid,2025-Q3,APAC,3,2022,203000,churned,Competitor — won evaluation,0,
A0210,Meridian Bridge,2025-Q3,AMER,3,2022,108000,renewed,,237000,expansion
A0222,Parallel Logic,2025-Q3,AMER,3,2022,62000,renewed,,78000,expansion
A0227,Vertex Cloud,2025-Q3,APAC,3,2022,380000,churned,Pricing — rejected renewal uplift,0,
A0229,Vertex Systems,2025-Q3,APAC,1,2024,504000,renewed,,569000,expansion
A0237,Granite Systems,2025-Q3,APAC,3,2022,111000,renewed,,159000,expansion
A0249,Northwind Cloud Inc,2025-Q3,APAC,3,2022,196000,renewed,,280000,expansion
A0250,Northwind Grid,2025-Q3,AMER,3,2022,492000,renewed,,721000,expansion
A0252,Parallel Grid Inc,2025-Q3,APAC,3,2022,93000,renewed,,95000,expansion
A0254,Parallel Cloud Inc,2025-Q3,APAC,5,2020,190000,renewed,,207000,expansion
A0256,Granite Logic,2025-Q3,APAC,2,2023,284000,renewed,,680000,expansion
A0260,BluePeak Logic,2025-Q3,APAC,3,2022,302000,renewed,,436000,expansion
A0264,Vertex Systems,2025-Q3,APAC,3,2022,323000,renewed,,324000,flat
A0272,Aurora Bridge Inc,2025-Q3,APAC,3,2022,145000,churned,Pricing — lower competitive quote,0,
A0273,Cobalt Logic Inc,2025-Q3,AMER,3,2022,142000,renewed,,212000,expansion
A0283,Granite Labs,2025-Q3,APAC,3,2022,186000,renewed,,252000,expansion
A0287,Meridian Dynamics Inc,2025-Q3,AMER,3,2022,338000,renewed,,441000,expansion
A0295,Silverline Works Inc,2025-Q3,EMEA,3,2022,193000,renewed,,365000,expansion
A0301,BluePeak Logic,2025-Q3,AMER,3,2022,107000,renewed,,290000,expansion
A0302,BluePeak Grid Inc,2025-Q3,AMER,3,2022,60000,renewed,,172000,expansion
A0304,Aurora Cloud,2025-Q3,APAC,3,2022,274000,renewed,,450000,expansion
A0308,Aurora Systems,2025-Q3,APAC,3,2022,222000,renewed,,242000,expansion
A0318,Vertex Grid,2025-Q3,EMEA,3,2022,334000,renewed,,546000,expansion
A0322,BluePeak Systems,2025-Q3,EMEA,3,2022,534000,renewed,,777000,expansion
A0324,BluePeak Systems,2025-Q3,EMEA,3,2022,447000,renewed,,577000,expansion
A0328,Cobalt Systems,2025-Q3,EMEA,3,2022,24000,renewed,,52000,expansion
A0329,Cobalt Systems,2025-Q3,AMER,3,2022,219000,renewed,,479000,expansion
A0330,Pinnacle Dynamics,2025-Q3,EMEA,3,2022,307000,renewed,,842000,expansion
A0331,Aurora Works Inc,2025-Q3,AMER,3,2022,321000,renewed,,939000,expansion
A0332,Pinnacle Grid,2025-Q3,EMEA,3,2022,330000,renewed,,791000,expansion
A0336,Vertex Dynamics Inc,2025-Q3,AMER,3,2022,71000,renewed,,83000,expansion
A0339,BluePeak Systems,2025-Q3,AMER,3,2022,128000,renewed,,135000,expansion
A0340,Meridian Labs Inc,2025-Q3,EMEA,3,2022,478000,renewed,,495000,expansion
A0346,Silverline Works,2025-Q3,EMEA,3,2022,97000,renewed,,274000,expansion
A0347,Silverline Dynamics,2025-Q3,EMEA,3,2022,365000,renewed,,498000,expansion
A0361,Meridian Dynamics,2025-Q3,AMER,3,2022,31000,renewed,,77000,expansion
A0362,Northwind Cloud,2025-Q3,EMEA,3,2022,383000,renewed,,533000,expansion
A0377,BluePeak Labs Inc,2025-Q3,APAC,3,2022,148000,renewed,,185000,expansion
A0380,Granite Systems Inc,2025-Q3,AMER,3,2022,529000,renewed,,1041000,expansion
A0382,Pinnacle Works,2025-Q3,EMEA,1,2024,27000,renewed,,77000,expansion
A0388,Granite Grid,2025-Q3,AMER,3,2022,385000,renewed,,633000,expansion
A0396,Silverline Bridge,2025-Q3,APAC,3,2022,443000,renewed,,1313000,expansion
A0410,Cobalt Logic,2025-Q3,EMEA,3,2022,438000,renewed,,1085000,expansion
A0413,Northwind Works,2025-Q3,AMER,3,2022,58000,renewed,,143000,expansion
A0416,Northwind Works,2025-Q3,AMER,3,2022,57000,renewed,,145000,expansion
A0418,Aurora Systems,2025-Q3,APAC,3,2022,22000,renewed,,60000,expansion
A0422,Pinnacle Logic Inc,2025-Q3,APAC,2,2023,42000,renewed,,96000,expansion
A0423,Silverline Cloud Inc,2025-Q3,APAC,3,2022,72000,renewed,,130000,expansion
A0425,Parallel Bridge Inc,2025-Q3,AMER,3,2022,32000,renewed,,66000,expansion
A0426,Northwind Labs,2025-Q3,AMER,3,2022,412000,renewed,,438000,expansion
A0435,Silverline Systems,2025-Q3,APAC,3,2022,37000,renewed,,61000,expansion
A0440,Granite Grid,2025-Q3,EMEA,3,2022,523000,renewed,,632000,expansion
A0446,BluePeak Grid,2025-Q3,EMEA,3,2022,421000,renewed,,429000,flat
A0449,Silverline Systems Inc,2025-Q3,EMEA,5,2020,22000,renewed,,31000,expansion
A0462,Silverline Works,2025-Q3,AMER,3,2022,503000,renewed,,547000,expansion
A0466,Meridian Grid Inc,2025-Q3,AMER,3,2022,400000,renewed,,491000,expansion
A0473,Pinnacle Grid,2025-Q3,APAC,3,2022,443000,churned,Timing — deprioritized / no decision,0,
A0479,Pinnacle Dynamics Inc,2025-Q3,AMER,2,2023,202000,renewed,,313000,expansion
A0486,Vertex Works,2025-Q3,EMEA,3,2022,141000,churned,Adoption — low usage or failed rollout,0,
A0492,Parallel Systems,2025-Q3,AMER,3,2022,475000,renewed,,528000,expansion
A0499,Silverline Labs Inc,2025-Q3,APAC,3,2022,258000,renewed,,273000,expansion
A0529,Pinnacle Labs,2025-Q3,EMEA,3,2022,94000,renewed,,232000,expansion
A0535,BluePeak Bridge Inc,2025-Q3,EMEA,3,2022,363000,renewed,,400000,expansion
A0536,Meridian Grid Inc,2025-Q3,APAC,3,2022,521000,renewed,,1468000,expansion
A0539,Granite Dynamics Inc,2025-Q3,EMEA,2,2023,25000,renewed,,54000,expansion
A0542,Aurora Cloud Inc,2025-Q3,AMER,3,2022,483000,renewed,,1216000,expansion
A0546,Pinnacle Cloud,2025-Q3,EMEA,3,2022,247000,renewed,,293000,expansion
A0552,Northwind Bridge Inc,2025-Q3,AMER,3,2022,111000,churned,Pricing — budget freeze or cuts,0,
A0554,BluePeak Systems Inc,2025-Q3,EMEA,3,2022,348000,renewed,,421000,expansion
A0561,Pinnacle Bridge,2025-Q3,AMER,3,2022,451000,renewed,,1119000,expansion
A0570,Cobalt Grid Inc,2025-Q3,EMEA,3,2022,182000,renewed,,470000,expansion
A0576,Northwind Cloud,2025-Q3,EMEA,3,2022,412000,renewed,,653000,expansion
A0578,Northwind Dynamics Inc,2025-Q3,APAC,3,2022,405000,renewed,,780000,expansion
A0586,Granite Dynamics Inc,2025-Q3,EMEA,3,2022,455000,renewed,,1152000,expansion
A0591,Silverline Cloud,2025-Q3,AMER,3,2022,281000,renewed,,479000,expansion
A0592,BluePeak Grid,2025-Q3,AMER,3,2022,47000,renewed,,78000,expansion
A0597,Parallel Bridge,2025-Q3,APAC,3,2022,62000,renewed,,65000,expansion
A0602,Granite Grid,2025-Q3,EMEA,3,2022,503000,renewed,,792000,expansion
A0611,Parallel Grid Inc,2025-Q3,APAC,3,2022,76000,renewed,,195000,expansion
A0612,Meridian Works Inc,2025-Q3,APAC,3,2022,91000,renewed,,137000,expansion
A0617,Aurora Bridge,2025-Q3,APAC,3,2022,373000,renewed,,409000,expansion
A0620,Silverline Grid,2025-Q3,AMER,3,2022,85000,renewed,,160000,expansion
A0010,Parallel Labs,2025-Q4,EMEA,3,2022,42000,renewed,,100000,expansion
A0011,Silverline Labs Inc,2025-Q4,EMEA,3,2022,459000,renewed,,842000,expansion
A0014,Vertex Logic Inc,2025-Q4,EMEA,3,2022,331000,renewed,,521000,expansion
A0015,BluePeak Works,2025-Q4,APAC,4,2021,451000,renewed,,577000,expansion
A0016,Vertex Logic Inc,2025-Q4,AMER,3,2022,99000,renewed,,246000,expansion
A0022,Aurora Works Inc,2025-Q4,AMER,3,2022,316000,renewed,,355000,expansion
A0024,Pinnacle Grid Inc,2025-Q4,AMER,3,2022,90000,renewed,,126000,expansion
A0027,BluePeak Dynamics Inc,2025-Q4,AMER,3,2022,65000,renewed,,100000,expansion
A0042,Pinnacle Logic,2025-Q4,EMEA,3,2022,22000,renewed,,63000,expansion
A0044,Northwind Bridge Inc,2025-Q4,EMEA,3,2022,313000,renewed,,362000,expansion
A0045,Pinnacle Labs,2025-Q4,APAC,4,2021,379000,renewed,,823000,expansion
A0047,Northwind Dynamics,2025-Q4,APAC,3,2022,522000,churned,Commercial — payment or term mismatch,0,
A0055,BluePeak Grid,2025-Q4,AMER,3,2022,361000,renewed,,361000,flat
A0065,Parallel Logic,2025-Q4,EMEA,3,2022,24000,renewed,,28000,expansion
A0066,Granite Bridge Inc,2025-Q4,AMER,3,2022,190000,renewed,,315000,expansion
A0069,BluePeak Bridge Inc,2025-Q4,AMER,3,2022,248000,renewed,,313000,expansion
A0071,Parallel Logic Inc,2025-Q4,AMER,3,2022,319000,renewed,,324000,flat
A0073,Pinnacle Systems,2025-Q4,AMER,3,2022,538000,renewed,,1150000,expansion
A0076,Granite Works,2025-Q4,AMER,3,2022,24000,churned,Pricing — lower competitive quote,0,
A0077,Meridian Dynamics,2025-Q4,AMER,3,2022,25000,renewed,,31000,expansion
A0080,Vertex Logic Inc,2025-Q4,APAC,3,2022,305000,renewed,,471000,expansion
A0088,Aurora Bridge Inc,2025-Q4,APAC,1,2024,478000,renewed,,1212000,expansion
A0091,Vertex Bridge,2025-Q4,AMER,3,2022,439000,renewed,,444000,flat
A0106,Parallel Dynamics,2025-Q4,AMER,3,2022,96000,renewed,,97000,flat
A0125,Cobalt Grid,2025-Q4,EMEA,3,2022,345000,renewed,,801000,expansion
A0127,Silverline Grid Inc,2025-Q4,APAC,3,2022,28000,renewed,,37000,expansion
A0128,Aurora Grid Inc,2025-Q4,APAC,2,2023,518000,renewed,,520000,flat
A0134,Northwind Grid,2025-Q4,EMEA,3,2022,268000,renewed,,379000,expansion
A0135,Aurora Bridge Inc,2025-Q4,APAC,3,2022,202000,renewed,,337000,expansion
A0141,BluePeak Works Inc,2025-Q4,APAC,3,2022,68000,renewed,,196000,expansion
A0142,Aurora Logic,2025-Q4,EMEA,3,2022,115000,renewed,,116000,flat
A0143,Vertex Cloud Inc,2025-Q4,EMEA,2,2023,276000,renewed,,632000,expansion
A0145,Aurora Works Inc,2025-Q4,APAC,3,2022,152000,renewed,,163000,expansion
A0153,Parallel Dynamics,2025-Q4,EMEA,3,2022,297000,renewed,,410000,expansion
A0156,BluePeak Labs,2025-Q4,AMER,3,2022,329000,renewed,,544000,expansion
A0165,Pinnacle Logic Inc,2025-Q4,AMER,3,2022,88000,renewed,,121000,expansion
A0174,Pinnacle Labs Inc,2025-Q4,AMER,3,2022,168000,renewed,,244000,expansion
A0180,Meridian Grid,2025-Q4,APAC,3,2022,463000,renewed,,846000,expansion
A0182,BluePeak Cloud Inc,2025-Q4,APAC,1,2024,23000,renewed,,37000,expansion
A0185,Meridian Cloud,2025-Q4,APAC,3,2022,324000,renewed,,682000,expansion
A0194,Silverline Logic,2025-Q4,AMER,4,2021,64000,renewed,,77000,expansion
A0197,Vertex Grid,2025-Q4,EMEA,3,2022,267000,renewed,,494000,expansion
A0209,Parallel Systems Inc,2025-Q4,AMER,5,2020,86000,renewed,,171000,expansion
A0216,Parallel Works,2025-Q4,EMEA,3,2022,533000,renewed,,751000,expansion
A0217,Pinnacle Labs Inc,2025-Q4,AMER,3,2022,56000,renewed,,104000,expansion
A0221,Vertex Labs,2025-Q4,APAC,3,2022,471000,renewed,,474000,flat
A0223,Silverline Cloud,2025-Q4,EMEA,4,2021,52000,renewed,,66000,expansion
A0226,Meridian Logic Inc,2025-Q4,APAC,3,2022,338000,renewed,,786000,expansion
A0234,Vertex Logic,2025-Q4,APAC,3,2022,341000,renewed,,406000,expansion
A0236,Granite Bridge,2025-Q4,AMER,3,2022,229000,renewed,,330000,expansion
A0238,Meridian Logic Inc,2025-Q4,AMER,3,2022,504000,renewed,,580000,expansion
A0239,Granite Systems Inc,2025-Q4,AMER,2,2023,81000,churned,Pricing — lower competitive quote,0,
A0253,Granite Grid,2025-Q4,APAC,4,2021,409000,renewed,,643000,expansion
A0258,Silverline Dynamics,2025-Q4,AMER,3,2022,23000,churned,Procurement — vendor consolidation,0,
A0259,Silverline Grid Inc,2025-Q4,APAC,3,2022,75000,renewed,,102000,expansion
A0262,Silverline Labs,2025-Q4,APAC,3,2022,26000,renewed,,27000,expansion
A0265,Aurora Works Inc,2025-Q4,AMER,3,2022,72000,renewed,,127000,expansion
A0267,Meridian Bridge Inc,2025-Q4,APAC,3,2022,24000,renewed,,24000,flat
A0269,Aurora Labs Inc,2025-Q4,EMEA,5,2020,39000,renewed,,43000,expansion
A0276,Cobalt Grid,2025-Q4,EMEA,3,2022,84000,renewed,,86000,expansion
A0286,Parallel Systems Inc,2025-Q4,AMER,3,2022,513000,renewed,,535000,expansion
A0299,Granite Cloud,2025-Q4,EMEA,3,2022,185000,renewed,,192000,expansion
A0305,Aurora Cloud,2025-Q4,APAC,4,2021,67000,renewed,,105000,expansion
A0306,Parallel Dynamics Inc,2025-Q4,AMER,3,2022,525000,renewed,,764000,expansion
A0309,Vertex Systems Inc,2025-Q4,EMEA,3,2022,245000,renewed,,397000,expansion
A0311,Silverline Systems Inc,2025-Q4,AMER,3,2022,24000,renewed,,35000,expansion
A0312,Aurora Grid,2025-Q4,EMEA,2,2023,259000,renewed,,259000,flat
A0313,BluePeak Logic Inc,2025-Q4,AMER,3,2022,344000,renewed,,448000,expansion
A0317,Meridian Works,2025-Q4,EMEA,3,2022,81000,renewed,,81000,flat
A0321,BluePeak Bridge,2025-Q4,AMER,3,2022,174000,renewed,,181000,expansion
A0333,Meridian Labs Inc,2025-Q4,EMEA,3,2022,306000,renewed,,882000,expansion
A0356,Northwind Dynamics,2025-Q4,EMEA,3,2022,309000,renewed,,661000,expansion
A0357,Granite Labs Inc,2025-Q4,APAC,3,2022,36000,renewed,,42000,expansion
A0364,Silverline Bridge,2025-Q4,AMER,5,2020,150000,churned,Product — capability or roadmap gap,0,
A0365,Northwind Dynamics Inc,2025-Q4,EMEA,2,2023,27000,renewed,,58000,expansion
A0366,Vertex Bridge Inc,2025-Q4,APAC,3,2022,227000,renewed,,254000,expansion
A0367,Northwind Labs Inc,2025-Q4,APAC,3,2022,243000,renewed,,245000,flat
A0375,Cobalt Cloud Inc,2025-Q4,EMEA,3,2022,524000,renewed,,1188000,expansion
A0379,Silverline Systems Inc,2025-Q4,AMER,3,2022,131000,renewed,,149000,expansion
A0384,Meridian Works,2025-Q4,AMER,1,2024,315000,renewed,,710000,expansion
A0390,Northwind Cloud,2025-Q4,EMEA,3,2022,300000,renewed,,700000,expansion
A0393,Northwind Dynamics,2025-Q4,AMER,3,2022,317000,renewed,,424000,expansion
A0394,Cobalt Systems,2025-Q4,AMER,3,2022,96000,renewed,,283000,expansion
A0397,Silverline Dynamics,2025-Q4,EMEA,2,2023,30000,churned,Risk — security or compliance,0,
A0403,Cobalt Grid Inc,2025-Q4,EMEA,3,2022,319000,renewed,,387000,expansion
A0414,BluePeak Cloud,2025-Q4,APAC,3,2022,360000,renewed,,510000,expansion
A0415,Northwind Labs Inc,2025-Q4,AMER,5,2020,324000,churned,Risk — security or compliance,0,
A0417,Granite Works Inc,2025-Q4,APAC,3,2022,57000,renewed,,57000,flat
A0433,Aurora Bridge,2025-Q4,APAC,3,2022,63000,renewed,,137000,expansion
A0434,Aurora Logic,2025-Q4,EMEA,3,2022,529000,renewed,,1336000,expansion
A0437,BluePeak Dynamics,2025-Q4,APAC,3,2022,334000,renewed,,491000,expansion
A0438,Vertex Cloud,2025-Q4,EMEA,1,2024,217000,churned,Pricing — lower competitive quote,0,
A0445,Meridian Systems Inc,2025-Q4,APAC,3,2022,300000,renewed,,747000,expansion
A0450,Granite Dynamics Inc,2025-Q4,EMEA,3,2022,232000,renewed,,315000,expansion
A0456,Cobalt Dynamics Inc,2025-Q4,EMEA,3,2022,417000,renewed,,1200000,expansion
A0459,Granite Works,2025-Q4,APAC,3,2022,380000,renewed,,391000,expansion
A0460,Aurora Works Inc,2025-Q4,AMER,3,2022,244000,renewed,,459000,expansion
A0469,Vertex Works,2025-Q4,AMER,3,2022,56000,renewed,,102000,expansion
A0474,BluePeak Logic,2025-Q4,EMEA,3,2022,312000,renewed,,439000,expansion
A0477,Northwind Bridge Inc,2025-Q4,APAC,3,2022,296000,renewed,,452000,expansion
A0494,Northwind Cloud,2025-Q4,AMER,3,2022,367000,renewed,,656000,expansion
A0495,Pinnacle Bridge,2025-Q4,EMEA,3,2022,272000,renewed,,284000,expansion
A0497,Cobalt Bridge Inc,2025-Q4,APAC,3,2022,146000,renewed,,399000,expansion
A0498,Vertex Logic Inc,2025-Q4,AMER,3,2022,25000,renewed,,50000,expansion
A0500,Vertex Bridge,2025-Q4,AMER,3,2022,77000,renewed,,174000,expansion
A0502,Pinnacle Systems Inc,2025-Q4,APAC,3,2022,70000,renewed,,71000,flat
A0505,BluePeak Logic,2025-Q4,EMEA,3,2022,264000,renewed,,265000,flat
A0506,Aurora Dynamics Inc,2025-Q4,EMEA,3,2022,195000,renewed,,249000,expansion
A0507,Vertex Labs,2025-Q4,EMEA,3,2022,325000,renewed,,845000,expansion
A0509,Parallel Grid,2025-Q4,APAC,3,2022,27000,renewed,,48000,expansion
A0512,BluePeak Labs,2025-Q4,APAC,3,2022,493000,renewed,,1053000,expansion
A0514,Vertex Cloud Inc,2025-Q4,EMEA,3,2022,49000,renewed,,60000,expansion
A0518,Aurora Bridge,2025-Q4,APAC,3,2022,29000,renewed,,56000,expansion
A0520,Parallel Dynamics,2025-Q4,EMEA,3,2022,33000,renewed,,72000,expansion
A0528,Silverline Logic,2025-Q4,EMEA,3,2022,135000,renewed,,157000,expansion
A0530,Cobalt Works Inc,2025-Q4,EMEA,3,2022,191000,renewed,,233000,expansion
A0533,BluePeak Grid,2025-Q4,AMER,3,2022,145000,renewed,,243000,expansion
A0543,Cobalt Bridge,2025-Q4,AMER,3,2022,55000,renewed,,56000,flat
A0548,Vertex Systems,2025-Q4,EMEA,3,2022,189000,renewed,,426000,expansion
A0549,BluePeak Systems,2025-Q4,EMEA,3,2022,466000,renewed,,1138000,expansion
A0551,Pinnacle Systems Inc,2025-Q4,APAC,3,2022,169000,renewed,,178000,expansion
A0563,Aurora Logic,2025-Q4,AMER,2,2023,109000,renewed,,109000,flat
A0579,BluePeak Logic,2025-Q4,EMEA,3,2022,69000,renewed,,69000,flat
A0581,Northwind Labs,2025-Q4,EMEA,3,2022,98000,renewed,,258000,expansion
A0583,Parallel Bridge Inc,2025-Q4,AMER,5,2020,46000,renewed,,57000,expansion
A0587,Parallel Grid,2025-Q4,AMER,5,2020,210000,renewed,,274000,expansion
A0593,Cobalt Logic Inc,2025-Q4,EMEA,3,2022,175000,renewed,,175000,flat
A0595,Parallel Works,2025-Q4,APAC,3,2022,529000,renewed,,531000,flat
A0596,Vertex Logic Inc,2025-Q4,APAC,3,2022,171000,renewed,,427000,expansion
A0599,Granite Works,2025-Q4,APAC,3,2022,277000,renewed,,323000,expansion
A0603,Cobalt Dynamics,2025-Q4,EMEA,5,2020,54000,renewed,,56000,expansion
A0607,Vertex Systems,2025-Q4,EMEA,3,2022,449000,renewed,,908000,expansion
A0609,BluePeak Grid Inc,2025-Q4,AMER,3,2022,167000,renewed,,198000,expansion
A0614,Cobalt Grid Inc,2025-Q4,EMEA,3,2022,179000,renewed,,392000,expansion
A0619,Aurora Systems Inc,2025-Q4,APAC,1,2024,151000,renewed,,184000,expansion
A0621,Silverline Systems,2025-Q4,EMEA,3,2022,179000,churned,Adoption — low usage or failed rollout,0,
A0622,Pinnacle Works,2025-Q4,APAC,2,2023,94000,churned,Pricing — budget freeze or cuts,0,
A0624,Pinnacle Works,2025-Q4,EMEA,3,2022,43000,renewed,,52000,expansion
A0009,BluePeak Dynamics Inc,2026-Q1,EMEA,1,2025,306000,renewed,,406000,expansion
A0017,Granite Grid Inc,2026-Q1,EMEA,2,2024,40000,renewed,,40000,flat
A0023,BluePeak Dynamics Inc,2026-Q1,AMER,3,2023,536000,renewed,,1343000,expansion
A0026,Meridian Dynamics,2026-Q1,EMEA,3,2023,239000,renewed,,374000,expansion
A0028,Silverline Cloud Inc,2026-Q1,AMER,5,2021,25000,renewed,,27000,expansion
A0029,Pinnacle Systems,2026-Q1,EMEA,5,2021,469000,renewed,,615000,expansion
A0032,Cobalt Logic,2026-Q1,EMEA,3,2023,414000,churned,Adoption — low usage or failed rollout,0,
A0033,Granite Labs Inc,2026-Q1,AMER,4,2022,295000,renewed,,755000,expansion
A0038,Vertex Cloud Inc,2026-Q1,AMER,3,2023,25000,renewed,,28000,expansion
A0039,BluePeak Works,2026-Q1,APAC,3,2023,371000,renewed,,473000,expansion
A0046,Pinnacle Bridge,2026-Q1,AMER,3,2023,33000,renewed,,36000,expansion
A0049,BluePeak Grid,2026-Q1,AMER,5,2021,427000,renewed,,1198000,expansion
A0050,Parallel Cloud,2026-Q1,APAC,1,2025,184000,renewed,,238000,expansion
A0054,Pinnacle Bridge,2026-Q1,APAC,3,2023,45000,renewed,,45000,flat
A0057,Vertex Labs,2026-Q1,APAC,3,2023,147000,renewed,,411000,expansion
A0059,Northwind Labs Inc,2026-Q1,APAC,1,2025,299000,renewed,,309000,expansion
A0062,BluePeak Works Inc,2026-Q1,AMER,3,2023,198000,renewed,,367000,expansion
A0075,Silverline Grid,2026-Q1,EMEA,5,2021,198000,renewed,,206000,expansion
A0079,Northwind Logic,2026-Q1,EMEA,3,2023,174000,renewed,,380000,expansion
A0081,Silverline Dynamics,2026-Q1,APAC,3,2023,257000,renewed,,258000,flat
A0084,Meridian Works Inc,2026-Q1,APAC,3,2023,197000,renewed,,197000,flat
A0085,Vertex Cloud,2026-Q1,EMEA,2,2024,287000,renewed,,585000,expansion
A0094,Pinnacle Labs,2026-Q1,APAC,3,2023,244000,renewed,,482000,expansion
A0097,Granite Labs Inc,2026-Q1,AMER,1,2025,22000,renewed,,37000,expansion
A0101,Pinnacle Works,2026-Q1,AMER,3,2023,316000,renewed,,802000,expansion
A0103,Cobalt Cloud,2026-Q1,APAC,3,2023,111000,renewed,,127000,expansion
A0105,Parallel Logic,2026-Q1,AMER,4,2022,248000,renewed,,286000,expansion
A0107,Pinnacle Works Inc,2026-Q1,AMER,3,2023,263000,renewed,,359000,expansion
A0108,Cobalt Logic Inc,2026-Q1,EMEA,3,2023,228000,churned,Pricing — lower competitive quote,0,
A0112,Northwind Systems,2026-Q1,AMER,1,2025,166000,renewed,,334000,expansion
A0115,Silverline Dynamics,2026-Q1,APAC,3,2023,169000,renewed,,374000,expansion
A0117,Cobalt Systems,2026-Q1,EMEA,3,2023,24000,churned,Commercial — payment or term mismatch,0,
A0118,Meridian Labs,2026-Q1,EMEA,3,2023,522000,renewed,,582000,expansion
A0123,Vertex Grid Inc,2026-Q1,EMEA,4,2022,46000,renewed,,71000,expansion
A0132,Meridian Systems,2026-Q1,EMEA,3,2023,62000,renewed,,94000,expansion
A0144,Meridian Bridge,2026-Q1,APAC,5,2021,166000,renewed,,324000,expansion
A0146,Parallel Grid Inc,2026-Q1,EMEA,3,2023,82000,renewed,,83000,flat
A0149,Cobalt Dynamics Inc,2026-Q1,AMER,3,2023,46000,renewed,,111000,expansion
A0151,Vertex Dynamics,2026-Q1,EMEA,3,2023,368000,churned,Product — capability or roadmap gap,0,
A0152,Meridian Cloud,2026-Q1,EMEA,1,2025,245000,renewed,,605000,expansion
A0154,Cobalt Systems,2026-Q1,APAC,3,2023,532000,renewed,,834000,expansion
A0158,Granite Bridge,2026-Q1,AMER,2,2024,121000,renewed,,223000,expansion
A0166,BluePeak Grid,2026-Q1,AMER,5,2021,61000,churned,Product — capability or roadmap gap,0,
A0176,Vertex Bridge,2026-Q1,APAC,3,2023,120000,renewed,,144000,expansion
A0186,BluePeak Dynamics,2026-Q1,AMER,3,2023,47000,renewed,,52000,expansion
A0190,Meridian Systems Inc,2026-Q1,AMER,3,2023,72000,renewed,,192000,expansion
A0199,Aurora Dynamics,2026-Q1,EMEA,3,2023,182000,renewed,,528000,expansion
A0200,BluePeak Dynamics,2026-Q1,AMER,3,2023,109000,renewed,,109000,flat
A0203,Silverline Systems,2026-Q1,AMER,1,2025,140000,renewed,,370000,expansion
A0204,Granite Logic,2026-Q1,APAC,3,2023,132000,renewed,,158000,expansion
A0205,BluePeak Cloud,2026-Q1,APAC,3,2023,383000,renewed,,391000,expansion
A0211,Aurora Dynamics,2026-Q1,APAC,3,2023,419000,renewed,,559000,expansion
A0213,Pinnacle Logic,2026-Q1,EMEA,3,2023,88000,renewed,,209000,expansion
A0215,Northwind Dynamics,2026-Q1,EMEA,3,2023,338000,renewed,,423000,expansion
A0232,Vertex Works Inc,2026-Q1,AMER,5,2021,35000,renewed,,36000,expansion
A0233,Parallel Systems,2026-Q1,AMER,3,2023,481000,renewed,,556000,expansion
A0241,BluePeak Grid Inc,2026-Q1,AMER,5,2021,61000,renewed,,78000,expansion
A0242,Meridian Logic,2026-Q1,AMER,3,2023,192000,renewed,,196000,expansion
A0243,Silverline Bridge,2026-Q1,AMER,3,2023,31000,renewed,,50000,expansion
A0246,Cobalt Systems,2026-Q1,EMEA,4,2022,319000,renewed,,329000,expansion
A0255,Pinnacle Dynamics Inc,2026-Q1,APAC,3,2023,24000,renewed,,45000,expansion
A0257,Cobalt Cloud Inc,2026-Q1,AMER,3,2023,163000,renewed,,268000,expansion
A0261,Cobalt Logic,2026-Q1,AMER,3,2023,499000,renewed,,936000,expansion
A0263,Pinnacle Cloud,2026-Q1,APAC,3,2023,406000,renewed,,831000,expansion
A0266,Aurora Cloud,2026-Q1,AMER,2,2024,190000,renewed,,236000,expansion
A0274,Granite Works,2026-Q1,EMEA,1,2025,211000,renewed,,236000,expansion
A0275,Parallel Cloud Inc,2026-Q1,APAC,3,2023,24000,renewed,,25000,expansion
A0278,Pinnacle Systems,2026-Q1,AMER,3,2023,257000,churned,Stakeholder — champion departed / reorg,0,
A0279,Parallel Works Inc,2026-Q1,EMEA,3,2023,345000,renewed,,394000,expansion
A0281,Parallel Logic,2026-Q1,APAC,3,2023,305000,renewed,,403000,expansion
A0282,Vertex Works Inc,2026-Q1,APAC,1,2025,133000,renewed,,174000,expansion
A0288,Meridian Grid Inc,2026-Q1,APAC,3,2023,291000,churned,Commercial — payment or term mismatch,0,
A0289,Silverline Bridge Inc,2026-Q1,EMEA,3,2023,96000,renewed,,197000,expansion
A0291,Aurora Cloud,2026-Q1,EMEA,3,2023,219000,renewed,,337000,expansion
A0292,Northwind Systems Inc,2026-Q1,AMER,3,2023,69000,renewed,,185000,expansion
A0300,Silverline Bridge Inc,2026-Q1,AMER,3,2023,90000,renewed,,162000,expansion
A0307,Vertex Systems,2026-Q1,EMEA,3,2023,410000,renewed,,818000,expansion
A0310,Pinnacle Labs,2026-Q1,AMER,3,2023,484000,renewed,,799000,expansion
A0314,Parallel Labs,2026-Q1,AMER,3,2023,277000,renewed,,277000,flat
A0315,Silverline Logic Inc,2026-Q1,APAC,3,2023,178000,renewed,,355000,expansion
A0316,Parallel Grid,2026-Q1,EMEA,3,2023,442000,renewed,,495000,expansion
A0319,Northwind Labs Inc,2026-Q1,AMER,3,2023,202000,renewed,,549000,expansion
A0325,Parallel Logic,2026-Q1,EMEA,3,2023,251000,renewed,,385000,expansion
A0335,Parallel Labs,2026-Q1,APAC,3,2023,462000,renewed,,479000,expansion
A0337,Northwind Bridge,2026-Q1,EMEA,4,2022,45000,renewed,,53000,expansion
A0338,Silverline Cloud Inc,2026-Q1,AMER,3,2023,35000,renewed,,83000,expansion
A0341,BluePeak Bridge,2026-Q1,AMER,3,2023,178000,renewed,,459000,expansion
A0351,Vertex Logic,2026-Q1,AMER,3,2023,134000,renewed,,134000,flat
A0353,Silverline Bridge,2026-Q1,AMER,3,2023,92000,renewed,,127000,expansion
A0354,Aurora Dynamics,2026-Q1,APAC,3,2023,271000,renewed,,732000,expansion
A0358,Silverline Cloud,2026-Q1,EMEA,3,2023,231000,renewed,,248000,expansion
A0359,Northwind Cloud,2026-Q1,APAC,3,2023,457000,churned,Risk — security or compliance,0,
A0368,Cobalt Logic,2026-Q1,EMEA,3,2023,123000,renewed,,368000,expansion
A0371,Aurora Systems,2026-Q1,APAC,2,2024,92000,renewed,,96000,expansion
A0372,Aurora Bridge,2026-Q1,APAC,3,2023,138000,renewed,,362000,expansion
A0378,Vertex Dynamics,2026-Q1,EMEA,5,2021,204000,renewed,,315000,expansion
A0381,Northwind Bridge Inc,2026-Q1,EMEA,3,2023,82000,renewed,,87000,expansion
A0385,Pinnacle Labs Inc,2026-Q1,APAC,3,2023,64000,renewed,,131000,expansion
A0387,Meridian Bridge,2026-Q1,AMER,3,2023,337000,renewed,,382000,expansion
A0395,Northwind Cloud Inc,2026-Q1,APAC,5,2021,202000,renewed,,470000,expansion
A0400,Aurora Systems,2026-Q1,EMEA,3,2023,22000,renewed,,26000,expansion
A0402,Parallel Dynamics Inc,2026-Q1,AMER,3,2023,352000,renewed,,352000,flat
A0406,Parallel Dynamics,2026-Q1,AMER,5,2021,90000,churned,Commercial — payment or term mismatch,0,
A0407,Aurora Cloud Inc,2026-Q1,EMEA,3,2023,432000,churned,Value — ROI / business case not approved,0,
A0408,Aurora Bridge Inc,2026-Q1,APAC,3,2023,78000,renewed,,116000,expansion
A0411,Vertex Works,2026-Q1,AMER,3,2023,30000,renewed,,37000,expansion
A0427,Granite Grid,2026-Q1,AMER,3,2023,274000,renewed,,411000,expansion
A0428,Meridian Logic Inc,2026-Q1,EMEA,3,2023,232000,churned,Competitor — won evaluation,0,
A0432,Aurora Cloud,2026-Q1,AMER,3,2023,69000,churned,Pricing — lower competitive quote,0,
A0444,Cobalt Grid,2026-Q1,AMER,3,2023,427000,renewed,,933000,expansion
A0447,BluePeak Works,2026-Q1,APAC,3,2023,28000,renewed,,64000,expansion
A0448,Aurora Works,2026-Q1,AMER,3,2023,348000,renewed,,482000,expansion
A0453,Aurora Grid,2026-Q1,EMEA,5,2021,248000,renewed,,248000,flat
A0457,Aurora Dynamics Inc,2026-Q1,APAC,3,2023,378000,renewed,,414000,expansion
A0464,Meridian Cloud,2026-Q1,EMEA,3,2023,287000,renewed,,555000,expansion
A0465,BluePeak Logic Inc,2026-Q1,AMER,3,2023,181000,renewed,,297000,expansion
A0467,Meridian Labs,2026-Q1,EMEA,3,2023,165000,renewed,,165000,flat
A0472,Granite Grid Inc,2026-Q1,EMEA,4,2022,502000,renewed,,1378000,expansion
A0478,Cobalt Works Inc,2026-Q1,AMER,3,2023,239000,renewed,,695000,expansion
A0482,Vertex Dynamics Inc,2026-Q1,APAC,3,2023,39000,renewed,,39000,flat
A0483,Granite Works,2026-Q1,EMEA,3,2023,48000,renewed,,64000,expansion
A0484,BluePeak Bridge,2026-Q1,APAC,3,2023,148000,renewed,,272000,expansion
A0504,Aurora Bridge Inc,2026-Q1,EMEA,1,2025,85000,renewed,,221000,expansion
A0511,Cobalt Labs,2026-Q1,EMEA,4,2022,512000,renewed,,586000,expansion
A0516,Parallel Cloud,2026-Q1,EMEA,3,2023,34000,renewed,,41000,expansion
A0517,Pinnacle Cloud,2026-Q1,AMER,2,2024,399000,renewed,,428000,expansion
A0519,Vertex Works Inc,2026-Q1,APAC,3,2023,196000,renewed,,199000,flat
A0523,Cobalt Grid Inc,2026-Q1,EMEA,3,2023,160000,renewed,,173000,expansion
A0524,Cobalt Dynamics Inc,2026-Q1,EMEA,1,2025,230000,renewed,,235000,expansion
A0525,Pinnacle Logic Inc,2026-Q1,APAC,3,2023,53000,renewed,,73000,expansion
A0534,Granite Labs Inc,2026-Q1,APAC,3,2023,137000,renewed,,210000,expansion
A0547,Pinnacle Bridge Inc,2026-Q1,EMEA,3,2023,72000,churned,Product — capability or roadmap gap,0,
A0553,Aurora Systems,2026-Q1,APAC,3,2023,399000,renewed,,406000,flat
A0555,Silverline Bridge,2026-Q1,AMER,3,2023,160000,renewed,,367000,expansion
A0558,Northwind Systems Inc,2026-Q1,EMEA,3,2023,451000,renewed,,480000,expansion
A0564,Aurora Cloud Inc,2026-Q1,EMEA,3,2023,445000,renewed,,634000,expansion
A0573,BluePeak Bridge Inc,2026-Q1,AMER,4,2022,489000,renewed,,550000,expansion
A0582,Silverline Systems,2026-Q1,AMER,2,2024,498000,renewed,,498000,flat
A0585,Pinnacle Grid,2026-Q1,APAC,3,2023,386000,renewed,,393000,flat
A0588,Northwind Grid Inc,2026-Q1,APAC,3,2023,62000,renewed,,110000,expansion
A0589,BluePeak Bridge Inc,2026-Q1,APAC,3,2023,518000,churned,Pricing — rejected renewal uplift,0,
A0598,Silverline Systems,2026-Q1,EMEA,3,2023,399000,churned,Risk — security or compliance,0,
A0600,Northwind Cloud,2026-Q1,AMER,3,2023,531000,renewed,,659000,expansion
A0601,Aurora Bridge,2026-Q1,AMER,1,2025,46000,renewed,,74000,expansion
A0606,Meridian Grid Inc,2026-Q1,AMER,3,2023,239000,renewed,,380000,expansion
A0608,BluePeak Logic Inc,2026-Q1,APAC,5,2021,280000,churned,Pricing — rejected renewal uplift,0,
A0610,Vertex Labs,2026-Q1,EMEA,3,2023,471000,renewed,,769000,expansion
A0613,Silverline Dynamics,2026-Q1,AMER,3,2023,452000,renewed,,585000,expansion
A0616,Vertex Logic,2026-Q1,APAC,3,2023,75000,renewed,,75000,flat
A0625,Granite Bridge,2026-Q1,AMER,3,2023,224000,renewed,,258000,expansion
